"customer_id","store_id","first_name","last_name","email","address_id","active","create_date","last_update"
1.00,1.00,"MARY","SMITH","MARY.SMITH@sakilacustomer.org",5.00,1.00,2/14/2006 22:04:36,2/15/2006 4:57:20
2.00,1.00,"PATRICIA","JOHNSON","PATRICIA.JOHNSON@sakilacustomer.org",6.00,1.00,2/14/2006 22:04:36,2/15/2006 4:57:20
3.00,1.00,"LINDA","WILLIAMS","LINDA.WILLIAMS@sakilacustomer.org",7.00,1.00,2/14/2006 22:04:36,2/15/2006 4:57:20
4.00,2.00,"BARBARA","JONES","BARBARA.JONES@sakilacustomer.org",8.00,1.00,2/14/2006 22:04:36,2/15/2006 4:57:20
5.00,1.00,"ELIZABETH","BROWN","ELIZABETH.BROWN@sakilacustomer.org",9.00,1.00,2/14/2006 22:04:36,2/15/2006 4:57:20
6.00,2.00,"JENNIFER","DAVIS","JENNIFER.DAVIS@sakilacustomer.org",10.00,1.00,2/14/2006 22:04:36,2/15/2006 4:57:20
7.00,1.00,"MARIA","MILLER","MARIA.MILLER@sakilacustomer.org",11.00,1.00,2/14/2006 22:04:36,2/15/2006 4:57:20
8.00,2.00,"SUSAN","WILSON","SUSAN.WILSON@sakilacustomer.org",12.00,1.00,2/14/2006 22:04:36,2/15/2006 4:57:20
9.00,2.00,"MARGARET","MOORE","MARGARET.MOORE@sakilacustomer.org",13.00,1.00,2/14/2006 22:04:36,2/15/2006 4:57:20
10.00,1.00,"DOROTHY","TAYLOR","DOROTHY.TAYLOR@sakilacustomer.org",14.00,1.00,2/14/2006 22:04:36,2/15/2006 4:57:20
11.00,2.00,"LISA","ANDERSON","LISA.ANDERSON@sakilacustomer.org",15.00,1.00,2/14/2006 22:04:36,2/15/2006 4:57:20
12.00,1.00,"NANCY","THOMAS","NANCY.THOMAS@sakilacustomer.org",16.00,1.00,2/14/2006 22:04:36,2/15/2006 4:57:20
13.00,2.00,"KAREN","JACKSON","KAREN.JACKSON@sakilacustomer.org",17.00,1.00,2/14/2006 22:04:36,2/15/2006 4:57:20
14.00,2.00,"BETTY","WHITE","BETTY.WHITE@sakilacustomer.org",18.00,1.00,2/14/2006 22:04:36,2/15/2006 4:57:20
15.00,1.00,"HELEN","HARRIS","HELEN.HARRIS@sakilacustomer.org",19.00,1.00,2/14/2006 22:04:36,2/15/2006 4:57:20
16.00,2.00,"SANDRA","MARTIN","SANDRA.MARTIN@sakilacustomer.org",20.00,0.00,2/14/2006 22:04:36,2/15/2006 4:57:20
17.00,1.00,"DONNA","THOMPSON","DONNA.THOMPSON@sakilacustomer.org",21.00,1.00,2/14/2006 22:04:36,2/15/2006 4:57:20
18.00,2.00,"CAROL","GARCIA","CAROL.GARCIA@sakilacustomer.org",22.00,1.00,2/14/2006 22:04:36,2/15/2006 4:57:20
19.00,1.00,"RUTH","MARTINEZ","RUTH.MARTINEZ@sakilacustomer.org",23.00,1.00,2/14/2006 22:04:36,2/15/2006 4:57:20
20.00,2.00,"SHARON","ROBINSON","SHARON.ROBINSON@sakilacustomer.org",24.00,1.00,2/14/2006 22:04:36,2/15/2006 4:57:20
21.00,1.00,"MICHELLE","CLARK","MICHELLE.CLARK@sakilacustomer.org",25.00,1.00,2/14/2006 22:04:36,2/15/2006 4:57:20
22.00,1.00,"LAURA","RODRIGUEZ","LAURA.RODRIGUEZ@sakilacustomer.org",26.00,1.00,2/14/2006 22:04:36,2/15/2006 4:57:20
23.00,2.00,"SARAH","LEWIS","SARAH.LEWIS@sakilacustomer.org",27.00,1.00,2/14/2006 22:04:36,2/15/2006 4:57:20
24.00,2.00,"KIMBERLY","LEE","KIMBERLY.LEE@sakilacustomer.org",28.00,1.00,2/14/2006 22:04:36,2/15/2006 4:57:20
25.00,1.00,"DEBORAH","WALKER","DEBORAH.WALKER@sakilacustomer.org",29.00,1.00,2/14/2006 22:04:36,2/15/2006 4:57:20
26.00,2.00,"JESSICA","HALL","JESSICA.HALL@sakilacustomer.org",30.00,1.00,2/14/2006 22:04:36,2/15/2006 4:57:20
27.00,2.00,"SHIRLEY","ALLEN","SHIRLEY.ALLEN@sakilacustomer.org",31.00,1.00,2/14/2006 22:04:36,2/15/2006 4:57:20
28.00,1.00,"CYNTHIA","YOUNG","CYNTHIA.YOUNG@sakilacustomer.org",32.00,1.00,2/14/2006 22:04:36,2/15/2006 4:57:20
29.00,2.00,"ANGELA","HERNANDEZ","ANGELA.HERNANDEZ@sakilacustomer.org",33.00,1.00,2/14/2006 22:04:36,2/15/2006 4:57:20
30.00,1.00,"MELISSA","KING","MELISSA.KING@sakilacustomer.org",34.00,1.00,2/14/2006 22:04:36,2/15/2006 4:57:20
31.00,2.00,"BRENDA","WRIGHT","BRENDA.WRIGHT@sakilacustomer.org",35.00,1.00,2/14/2006 22:04:36,2/15/2006 4:57:20
32.00,1.00,"AMY","LOPEZ","AMY.LOPEZ@sakilacustomer.org",36.00,1.00,2/14/2006 22:04:36,2/15/2006 4:57:20
33.00,2.00,"ANNA","HILL","ANNA.HILL@sakilacustomer.org",37.00,1.00,2/14/2006 22:04:36,2/15/2006 4:57:20
34.00,2.00,"REBECCA","SCOTT","REBECCA.SCOTT@sakilacustomer.org",38.00,1.00,2/14/2006 22:04:36,2/15/2006 4:57:20
35.00,2.00,"VIRGINIA","GREEN","VIRGINIA.GREEN@sakilacustomer.org",39.00,1.00,2/14/2006 22:04:36,2/15/2006 4:57:20
36.00,2.00,"KATHLEEN","ADAMS","KATHLEEN.ADAMS@sakilacustomer.org",40.00,1.00,2/14/2006 22:04:36,2/15/2006 4:57:20
37.00,1.00,"PAMELA","BAKER","PAMELA.BAKER@sakilacustomer.org",41.00,1.00,2/14/2006 22:04:36,2/15/2006 4:57:20
38.00,1.00,"MARTHA","GONZALEZ","MARTHA.GONZALEZ@sakilacustomer.org",42.00,1.00,2/14/2006 22:04:36,2/15/2006 4:57:20
39.00,1.00,"DEBRA","NELSON","DEBRA.NELSON@sakilacustomer.org",43.00,1.00,2/14/2006 22:04:36,2/15/2006 4:57:20
40.00,2.00,"AMANDA","CARTER","AMANDA.CARTER@sakilacustomer.org",44.00,1.00,2/14/2006 22:04:36,2/15/2006 4:57:20
41.00,1.00,"STEPHANIE","MITCHELL","STEPHANIE.MITCHELL@sakilacustomer.org",45.00,1.00,2/14/2006 22:04:36,2/15/2006 4:57:20
42.00,2.00,"CAROLYN","PEREZ","CAROLYN.PEREZ@sakilacustomer.org",46.00,1.00,2/14/2006 22:04:36,2/15/2006 4:57:20
43.00,2.00,"CHRISTINE","ROBERTS","CHRISTINE.ROBERTS@sakilacustomer.org",47.00,1.00,2/14/2006 22:04:36,2/15/2006 4:57:20
44.00,1.00,"MARIE","TURNER","MARIE.TURNER@sakilacustomer.org",48.00,1.00,2/14/2006 22:04:36,2/15/2006 4:57:20
45.00,1.00,"JANET","PHILLIPS","JANET.PHILLIPS@sakilacustomer.org",49.00,1.00,2/14/2006 22:04:36,2/15/2006 4:57:20
46.00,2.00,"CATHERINE","CAMPBELL","CATHERINE.CAMPBELL@sakilacustomer.org",50.00,1.00,2/14/2006 22:04:36,2/15/2006 4:57:20
47.00,1.00,"FRANCES","PARKER","FRANCES.PARKER@sakilacustomer.org",51.00,1.00,2/14/2006 22:04:36,2/15/2006 4:57:20
48.00,1.00,"ANN","EVANS","ANN.EVANS@sakilacustomer.org",52.00,1.00,2/14/2006 22:04:36,2/15/2006 4:57:20
49.00,2.00,"JOYCE","EDWARDS","JOYCE.EDWARDS@sakilacustomer.org",53.00,1.00,2/14/2006 22:04:36,2/15/2006 4:57:20
50.00,1.00,"DIANE","COLLINS","DIANE.COLLINS@sakilacustomer.org",54.00,1.00,2/14/2006 22:04:36,2/15/2006 4:57:20
51.00,1.00,"ALICE","STEWART","ALICE.STEWART@sakilacustomer.org",55.00,1.00,2/14/2006 22:04:36,2/15/2006 4:57:20
52.00,1.00,"JULIE","SANCHEZ","JULIE.SANCHEZ@sakilacustomer.org",56.00,1.00,2/14/2006 22:04:36,2/15/2006 4:57:20
53.00,1.00,"HEATHER","MORRIS","HEATHER.MORRIS@sakilacustomer.org",57.00,1.00,2/14/2006 22:04:36,2/15/2006 4:57:20
54.00,1.00,"TERESA","ROGERS","TERESA.ROGERS@sakilacustomer.org",58.00,1.00,2/14/2006 22:04:36,2/15/2006 4:57:20
55.00,2.00,"DORIS","REED","DORIS.REED@sakilacustomer.org",59.00,1.00,2/14/2006 22:04:36,2/15/2006 4:57:20
56.00,1.00,"GLORIA","COOK","GLORIA.COOK@sakilacustomer.org",60.00,1.00,2/14/2006 22:04:36,2/15/2006 4:57:20
57.00,2.00,"EVELYN","MORGAN","EVELYN.MORGAN@sakilacustomer.org",61.00,1.00,2/14/2006 22:04:36,2/15/2006 4:57:20
58.00,1.00,"JEAN","BELL","JEAN.BELL@sakilacustomer.org",62.00,1.00,2/14/2006 22:04:36,2/15/2006 4:57:20
59.00,1.00,"CHERYL","MURPHY","CHERYL.MURPHY@sakilacustomer.org",63.00,1.00,2/14/2006 22:04:36,2/15/2006 4:57:20
60.00,1.00,"MILDRED","BAILEY","MILDRED.BAILEY@sakilacustomer.org",64.00,1.00,2/14/2006 22:04:36,2/15/2006 4:57:20
61.00,2.00,"KATHERINE","RIVERA","KATHERINE.RIVERA@sakilacustomer.org",65.00,1.00,2/14/2006 22:04:36,2/15/2006 4:57:20
62.00,1.00,"JOAN","COOPER","JOAN.COOPER@sakilacustomer.org",66.00,1.00,2/14/2006 22:04:36,2/15/2006 4:57:20
63.00,1.00,"ASHLEY","RICHARDSON","ASHLEY.RICHARDSON@sakilacustomer.org",67.00,1.00,2/14/2006 22:04:36,2/15/2006 4:57:20
64.00,2.00,"JUDITH","COX","JUDITH.COX@sakilacustomer.org",68.00,0.00,2/14/2006 22:04:36,2/15/2006 4:57:20
65.00,2.00,"ROSE","HOWARD","ROSE.HOWARD@sakilacustomer.org",69.00,1.00,2/14/2006 22:04:36,2/15/2006 4:57:20
66.00,2.00,"JANICE","WARD","JANICE.WARD@sakilacustomer.org",70.00,1.00,2/14/2006 22:04:36,2/15/2006 4:57:20
67.00,1.00,"KELLY","TORRES","KELLY.TORRES@sakilacustomer.org",71.00,1.00,2/14/2006 22:04:36,2/15/2006 4:57:20
68.00,1.00,"NICOLE","PETERSON","NICOLE.PETERSON@sakilacustomer.org",72.00,1.00,2/14/2006 22:04:36,2/15/2006 4:57:20
69.00,2.00,"JUDY","GRAY","JUDY.GRAY@sakilacustomer.org",73.00,1.00,2/14/2006 22:04:36,2/15/2006 4:57:20
70.00,2.00,"CHRISTINA","RAMIREZ","CHRISTINA.RAMIREZ@sakilacustomer.org",74.00,1.00,2/14/2006 22:04:36,2/15/2006 4:57:20
71.00,1.00,"KATHY","JAMES","KATHY.JAMES@sakilacustomer.org",75.00,1.00,2/14/2006 22:04:36,2/15/2006 4:57:20
72.00,2.00,"THERESA","WATSON","THERESA.WATSON@sakilacustomer.org",76.00,1.00,2/14/2006 22:04:36,2/15/2006 4:57:20
73.00,2.00,"BEVERLY","BROOKS","BEVERLY.BROOKS@sakilacustomer.org",77.00,1.00,2/14/2006 22:04:36,2/15/2006 4:57:20
74.00,1.00,"DENISE","KELLY","DENISE.KELLY@sakilacustomer.org",78.00,1.00,2/14/2006 22:04:36,2/15/2006 4:57:20
75.00,2.00,"TAMMY","SANDERS","TAMMY.SANDERS@sakilacustomer.org",79.00,1.00,2/14/2006 22:04:36,2/15/2006 4:57:20
76.00,2.00,"IRENE","PRICE","IRENE.PRICE@sakilacustomer.org",80.00,1.00,2/14/2006 22:04:36,2/15/2006 4:57:20
77.00,2.00,"JANE","BENNETT","JANE.BENNETT@sakilacustomer.org",81.00,1.00,2/14/2006 22:04:36,2/15/2006 4:57:20
78.00,1.00,"LORI","WOOD","LORI.WOOD@sakilacustomer.org",82.00,1.00,2/14/2006 22:04:36,2/15/2006 4:57:20
79.00,1.00,"RACHEL","BARNES","RACHEL.BARNES@sakilacustomer.org",83.00,1.00,2/14/2006 22:04:36,2/15/2006 4:57:20
80.00,1.00,"MARILYN","ROSS","MARILYN.ROSS@sakilacustomer.org",84.00,1.00,2/14/2006 22:04:36,2/15/2006 4:57:20
81.00,1.00,"ANDREA","HENDERSON","ANDREA.HENDERSON@sakilacustomer.org",85.00,1.00,2/14/2006 22:04:36,2/15/2006 4:57:20
82.00,1.00,"KATHRYN","COLEMAN","KATHRYN.COLEMAN@sakilacustomer.org",86.00,1.00,2/14/2006 22:04:36,2/15/2006 4:57:20
83.00,1.00,"LOUISE","JENKINS","LOUISE.JENKINS@sakilacustomer.org",87.00,1.00,2/14/2006 22:04:36,2/15/2006 4:57:20
84.00,2.00,"SARA","PERRY","SARA.PERRY@sakilacustomer.org",88.00,1.00,2/14/2006 22:04:36,2/15/2006 4:57:20
85.00,2.00,"ANNE","POWELL","ANNE.POWELL@sakilacustomer.org",89.00,1.00,2/14/2006 22:04:36,2/15/2006 4:57:20
86.00,2.00,"JACQUELINE","LONG","JACQUELINE.LONG@sakilacustomer.org",90.00,1.00,2/14/2006 22:04:36,2/15/2006 4:57:20
87.00,1.00,"WANDA","PATTERSON","WANDA.PATTERSON@sakilacustomer.org",91.00,1.00,2/14/2006 22:04:36,2/15/2006 4:57:20
88.00,2.00,"BONNIE","HUGHES","BONNIE.HUGHES@sakilacustomer.org",92.00,1.00,2/14/2006 22:04:36,2/15/2006 4:57:20
89.00,1.00,"JULIA","FLORES","JULIA.FLORES@sakilacustomer.org",93.00,1.00,2/14/2006 22:04:36,2/15/2006 4:57:20
90.00,2.00,"RUBY","WASHINGTON","RUBY.WASHINGTON@sakilacustomer.org",94.00,1.00,2/14/2006 22:04:36,2/15/2006 4:57:20
91.00,2.00,"LOIS","BUTLER","LOIS.BUTLER@sakilacustomer.org",95.00,1.00,2/14/2006 22:04:36,2/15/2006 4:57:20
92.00,2.00,"TINA","SIMMONS","TINA.SIMMONS@sakilacustomer.org",96.00,1.00,2/14/2006 22:04:36,2/15/2006 4:57:20
93.00,1.00,"PHYLLIS","FOSTER","PHYLLIS.FOSTER@sakilacustomer.org",97.00,1.00,2/14/2006 22:04:36,2/15/2006 4:57:20
94.00,1.00,"NORMA","GONZALES","NORMA.GONZALES@sakilacustomer.org",98.00,1.00,2/14/2006 22:04:36,2/15/2006 4:57:20
95.00,2.00,"PAULA","BRYANT","PAULA.BRYANT@sakilacustomer.org",99.00,1.00,2/14/2006 22:04:36,2/15/2006 4:57:20
96.00,1.00,"DIANA","ALEXANDER","DIANA.ALEXANDER@sakilacustomer.org",100.00,1.00,2/14/2006 22:04:36,2/15/2006 4:57:20
97.00,2.00,"ANNIE","RUSSELL","ANNIE.RUSSELL@sakilacustomer.org",101.00,1.00,2/14/2006 22:04:36,2/15/2006 4:57:20
98.00,1.00,"LILLIAN","GRIFFIN","LILLIAN.GRIFFIN@sakilacustomer.org",102.00,1.00,2/14/2006 22:04:36,2/15/2006 4:57:20
99.00,2.00,"EMILY","DIAZ","EMILY.DIAZ@sakilacustomer.org",103.00,1.00,2/14/2006 22:04:36,2/15/2006 4:57:20
100.00,1.00,"ROBIN","HAYES","ROBIN.HAYES@sakilacustomer.org",104.00,1.00,2/14/2006 22:04:36,2/15/2006 4:57:20
101.00,1.00,"PEGGY","MYERS","PEGGY.MYERS@sakilacustomer.org",105.00,1.00,2/14/2006 22:04:36,2/15/2006 4:57:20
102.00,1.00,"CRYSTAL","FORD","CRYSTAL.FORD@sakilacustomer.org",106.00,1.00,2/14/2006 22:04:36,2/15/2006 4:57:20
103.00,1.00,"GLADYS","HAMILTON","GLADYS.HAMILTON@sakilacustomer.org",107.00,1.00,2/14/2006 22:04:36,2/15/2006 4:57:20
104.00,1.00,"RITA","GRAHAM","RITA.GRAHAM@sakilacustomer.org",108.00,1.00,2/14/2006 22:04:36,2/15/2006 4:57:20
105.00,1.00,"DAWN","SULLIVAN","DAWN.SULLIVAN@sakilacustomer.org",109.00,1.00,2/14/2006 22:04:36,2/15/2006 4:57:20
106.00,1.00,"CONNIE","WALLACE","CONNIE.WALLACE@sakilacustomer.org",110.00,1.00,2/14/2006 22:04:36,2/15/2006 4:57:20
107.00,1.00,"FLORENCE","WOODS","FLORENCE.WOODS@sakilacustomer.org",111.00,1.00,2/14/2006 22:04:36,2/15/2006 4:57:20
108.00,1.00,"TRACY","COLE","TRACY.COLE@sakilacustomer.org",112.00,1.00,2/14/2006 22:04:36,2/15/2006 4:57:20
109.00,2.00,"EDNA","WEST","EDNA.WEST@sakilacustomer.org",113.00,1.00,2/14/2006 22:04:36,2/15/2006 4:57:20
110.00,2.00,"TIFFANY","JORDAN","TIFFANY.JORDAN@sakilacustomer.org",114.00,1.00,2/14/2006 22:04:36,2/15/2006 4:57:20
111.00,1.00,"CARMEN","OWENS","CARMEN.OWENS@sakilacustomer.org",115.00,1.00,2/14/2006 22:04:36,2/15/2006 4:57:20
112.00,2.00,"ROSA","REYNOLDS","ROSA.REYNOLDS@sakilacustomer.org",116.00,1.00,2/14/2006 22:04:36,2/15/2006 4:57:20
113.00,2.00,"CINDY","FISHER","CINDY.FISHER@sakilacustomer.org",117.00,1.00,2/14/2006 22:04:36,2/15/2006 4:57:20
114.00,2.00,"GRACE","ELLIS","GRACE.ELLIS@sakilacustomer.org",118.00,1.00,2/14/2006 22:04:36,2/15/2006 4:57:20
115.00,1.00,"WENDY","HARRISON","WENDY.HARRISON@sakilacustomer.org",119.00,1.00,2/14/2006 22:04:36,2/15/2006 4:57:20
116.00,1.00,"VICTORIA","GIBSON","VICTORIA.GIBSON@sakilacustomer.org",120.00,1.00,2/14/2006 22:04:36,2/15/2006 4:57:20
117.00,1.00,"EDITH","MCDONALD","EDITH.MCDONALD@sakilacustomer.org",121.00,1.00,2/14/2006 22:04:36,2/15/2006 4:57:20
118.00,1.00,"KIM","CRUZ","KIM.CRUZ@sakilacustomer.org",122.00,1.00,2/14/2006 22:04:36,2/15/2006 4:57:20
119.00,1.00,"SHERRY","MARSHALL","SHERRY.MARSHALL@sakilacustomer.org",123.00,1.00,2/14/2006 22:04:36,2/15/2006 4:57:20
120.00,2.00,"SYLVIA","ORTIZ","SYLVIA.ORTIZ@sakilacustomer.org",124.00,1.00,2/14/2006 22:04:36,2/15/2006 4:57:20
121.00,1.00,"JOSEPHINE","GOMEZ","JOSEPHINE.GOMEZ@sakilacustomer.org",125.00,1.00,2/14/2006 22:04:36,2/15/2006 4:57:20
122.00,1.00,"THELMA","MURRAY","THELMA.MURRAY@sakilacustomer.org",126.00,1.00,2/14/2006 22:04:36,2/15/2006 4:57:20
123.00,2.00,"SHANNON","FREEMAN","SHANNON.FREEMAN@sakilacustomer.org",127.00,1.00,2/14/2006 22:04:36,2/15/2006 4:57:20
124.00,1.00,"SHEILA","WELLS","SHEILA.WELLS@sakilacustomer.org",128.00,0.00,2/14/2006 22:04:36,2/15/2006 4:57:20
125.00,1.00,"ETHEL","WEBB","ETHEL.WEBB@sakilacustomer.org",129.00,1.00,2/14/2006 22:04:36,2/15/2006 4:57:20
126.00,1.00,"ELLEN","SIMPSON","ELLEN.SIMPSON@sakilacustomer.org",130.00,1.00,2/14/2006 22:04:36,2/15/2006 4:57:20
127.00,2.00,"ELAINE","STEVENS","ELAINE.STEVENS@sakilacustomer.org",131.00,1.00,2/14/2006 22:04:36,2/15/2006 4:57:20
128.00,1.00,"MARJORIE","TUCKER","MARJORIE.TUCKER@sakilacustomer.org",132.00,1.00,2/14/2006 22:04:36,2/15/2006 4:57:20
129.00,1.00,"CARRIE","PORTER","CARRIE.PORTER@sakilacustomer.org",133.00,1.00,2/14/2006 22:04:36,2/15/2006 4:57:20
130.00,1.00,"CHARLOTTE","HUNTER","CHARLOTTE.HUNTER@sakilacustomer.org",134.00,1.00,2/14/2006 22:04:36,2/15/2006 4:57:20
131.00,2.00,"MONICA","HICKS","MONICA.HICKS@sakilacustomer.org",135.00,1.00,2/14/2006 22:04:36,2/15/2006 4:57:20
132.00,2.00,"ESTHER","CRAWFORD","ESTHER.CRAWFORD@sakilacustomer.org",136.00,1.00,2/14/2006 22:04:36,2/15/2006 4:57:20
133.00,1.00,"PAULINE","HENRY","PAULINE.HENRY@sakilacustomer.org",137.00,1.00,2/14/2006 22:04:36,2/15/2006 4:57:20
134.00,1.00,"EMMA","BOYD","EMMA.BOYD@sakilacustomer.org",138.00,1.00,2/14/2006 22:04:36,2/15/2006 4:57:20
135.00,2.00,"JUANITA","MASON","JUANITA.MASON@sakilacustomer.org",139.00,1.00,2/14/2006 22:04:36,2/15/2006 4:57:20
136.00,2.00,"ANITA","MORALES","ANITA.MORALES@sakilacustomer.org",140.00,1.00,2/14/2006 22:04:36,2/15/2006 4:57:20
137.00,2.00,"RHONDA","KENNEDY","RHONDA.KENNEDY@sakilacustomer.org",141.00,1.00,2/14/2006 22:04:36,2/15/2006 4:57:20
138.00,1.00,"HAZEL","WARREN","HAZEL.WARREN@sakilacustomer.org",142.00,1.00,2/14/2006 22:04:36,2/15/2006 4:57:20
139.00,1.00,"AMBER","DIXON","AMBER.DIXON@sakilacustomer.org",143.00,1.00,2/14/2006 22:04:36,2/15/2006 4:57:20
140.00,1.00,"EVA","RAMOS","EVA.RAMOS@sakilacustomer.org",144.00,1.00,2/14/2006 22:04:36,2/15/2006 4:57:20
141.00,1.00,"DEBBIE","REYES","DEBBIE.REYES@sakilacustomer.org",145.00,1.00,2/14/2006 22:04:36,2/15/2006 4:57:20
142.00,1.00,"APRIL","BURNS","APRIL.BURNS@sakilacustomer.org",146.00,1.00,2/14/2006 22:04:36,2/15/2006 4:57:20
143.00,1.00,"LESLIE","GORDON","LESLIE.GORDON@sakilacustomer.org",147.00,1.00,2/14/2006 22:04:36,2/15/2006 4:57:20
144.00,1.00,"CLARA","SHAW","CLARA.SHAW@sakilacustomer.org",148.00,1.00,2/14/2006 22:04:36,2/15/2006 4:57:20
145.00,1.00,"LUCILLE","HOLMES","LUCILLE.HOLMES@sakilacustomer.org",149.00,1.00,2/14/2006 22:04:36,2/15/2006 4:57:20
146.00,1.00,"JAMIE","RICE","JAMIE.RICE@sakilacustomer.org",150.00,1.00,2/14/2006 22:04:36,2/15/2006 4:57:20
147.00,2.00,"JOANNE","ROBERTSON","JOANNE.ROBERTSON@sakilacustomer.org",151.00,1.00,2/14/2006 22:04:36,2/15/2006 4:57:20
148.00,1.00,"ELEANOR","HUNT","ELEANOR.HUNT@sakilacustomer.org",152.00,1.00,2/14/2006 22:04:36,2/15/2006 4:57:20
149.00,1.00,"VALERIE","BLACK","VALERIE.BLACK@sakilacustomer.org",153.00,1.00,2/14/2006 22:04:36,2/15/2006 4:57:20
150.00,2.00,"DANIELLE","DANIELS","DANIELLE.DANIELS@sakilacustomer.org",154.00,1.00,2/14/2006 22:04:36,2/15/2006 4:57:20
151.00,2.00,"MEGAN","PALMER","MEGAN.PALMER@sakilacustomer.org",155.00,1.00,2/14/2006 22:04:36,2/15/2006 4:57:20
152.00,1.00,"ALICIA","MILLS","ALICIA.MILLS@sakilacustomer.org",156.00,1.00,2/14/2006 22:04:36,2/15/2006 4:57:20
153.00,2.00,"SUZANNE","NICHOLS","SUZANNE.NICHOLS@sakilacustomer.org",157.00,1.00,2/14/2006 22:04:36,2/15/2006 4:57:20
154.00,2.00,"MICHELE","GRANT","MICHELE.GRANT@sakilacustomer.org",158.00,1.00,2/14/2006 22:04:36,2/15/2006 4:57:20
155.00,1.00,"GAIL","KNIGHT","GAIL.KNIGHT@sakilacustomer.org",159.00,1.00,2/14/2006 22:04:36,2/15/2006 4:57:20
156.00,1.00,"BERTHA","FERGUSON","BERTHA.FERGUSON@sakilacustomer.org",160.00,1.00,2/14/2006 22:04:36,2/15/2006 4:57:20
157.00,2.00,"DARLENE","ROSE","DARLENE.ROSE@sakilacustomer.org",161.00,1.00,2/14/2006 22:04:36,2/15/2006 4:57:20
158.00,1.00,"VERONICA","STONE","VERONICA.STONE@sakilacustomer.org",162.00,1.00,2/14/2006 22:04:36,2/15/2006 4:57:20
159.00,1.00,"JILL","HAWKINS","JILL.HAWKINS@sakilacustomer.org",163.00,1.00,2/14/2006 22:04:36,2/15/2006 4:57:20
160.00,2.00,"ERIN","DUNN","ERIN.DUNN@sakilacustomer.org",164.00,1.00,2/14/2006 22:04:36,2/15/2006 4:57:20
161.00,1.00,"GERALDINE","PERKINS","GERALDINE.PERKINS@sakilacustomer.org",165.00,1.00,2/14/2006 22:04:36,2/15/2006 4:57:20
162.00,2.00,"LAUREN","HUDSON","LAUREN.HUDSON@sakilacustomer.org",166.00,1.00,2/14/2006 22:04:36,2/15/2006 4:57:20
163.00,1.00,"CATHY","SPENCER","CATHY.SPENCER@sakilacustomer.org",167.00,1.00,2/14/2006 22:04:36,2/15/2006 4:57:20
164.00,2.00,"JOANN","GARDNER","JOANN.GARDNER@sakilacustomer.org",168.00,1.00,2/14/2006 22:04:36,2/15/2006 4:57:20
165.00,2.00,"LORRAINE","STEPHENS","LORRAINE.STEPHENS@sakilacustomer.org",169.00,1.00,2/14/2006 22:04:36,2/15/2006 4:57:20
166.00,1.00,"LYNN","PAYNE","LYNN.PAYNE@sakilacustomer.org",170.00,1.00,2/14/2006 22:04:36,2/15/2006 4:57:20
167.00,2.00,"SALLY","PIERCE","SALLY.PIERCE@sakilacustomer.org",171.00,1.00,2/14/2006 22:04:36,2/15/2006 4:57:20
168.00,1.00,"REGINA","BERRY","REGINA.BERRY@sakilacustomer.org",172.00,1.00,2/14/2006 22:04:36,2/15/2006 4:57:20
169.00,2.00,"ERICA","MATTHEWS","ERICA.MATTHEWS@sakilacustomer.org",173.00,0.00,2/14/2006 22:04:36,2/15/2006 4:57:20
170.00,1.00,"BEATRICE","ARNOLD","BEATRICE.ARNOLD@sakilacustomer.org",174.00,1.00,2/14/2006 22:04:36,2/15/2006 4:57:20
171.00,2.00,"DOLORES","WAGNER","DOLORES.WAGNER@sakilacustomer.org",175.00,1.00,2/14/2006 22:04:36,2/15/2006 4:57:20
172.00,1.00,"BERNICE","WILLIS","BERNICE.WILLIS@sakilacustomer.org",176.00,1.00,2/14/2006 22:04:36,2/15/2006 4:57:20
173.00,1.00,"AUDREY","RAY","AUDREY.RAY@sakilacustomer.org",177.00,1.00,2/14/2006 22:04:36,2/15/2006 4:57:20
174.00,2.00,"YVONNE","WATKINS","YVONNE.WATKINS@sakilacustomer.org",178.00,1.00,2/14/2006 22:04:36,2/15/2006 4:57:20
175.00,1.00,"ANNETTE","OLSON","ANNETTE.OLSON@sakilacustomer.org",179.00,1.00,2/14/2006 22:04:36,2/15/2006 4:57:20
176.00,1.00,"JUNE","CARROLL","JUNE.CARROLL@sakilacustomer.org",180.00,1.00,2/14/2006 22:04:36,2/15/2006 4:57:20
177.00,2.00,"SAMANTHA","DUNCAN","SAMANTHA.DUNCAN@sakilacustomer.org",181.00,1.00,2/14/2006 22:04:36,2/15/2006 4:57:20
178.00,2.00,"MARION","SNYDER","MARION.SNYDER@sakilacustomer.org",182.00,1.00,2/14/2006 22:04:36,2/15/2006 4:57:20
179.00,1.00,"DANA","HART","DANA.HART@sakilacustomer.org",183.00,1.00,2/14/2006 22:04:36,2/15/2006 4:57:20
180.00,2.00,"STACY","CUNNINGHAM","STACY.CUNNINGHAM@sakilacustomer.org",184.00,1.00,2/14/2006 22:04:36,2/15/2006 4:57:20
181.00,2.00,"ANA","BRADLEY","ANA.BRADLEY@sakilacustomer.org",185.00,1.00,2/14/2006 22:04:36,2/15/2006 4:57:20
182.00,1.00,"RENEE","LANE","RENEE.LANE@sakilacustomer.org",186.00,1.00,2/14/2006 22:04:36,2/15/2006 4:57:20
183.00,2.00,"IDA","ANDREWS","IDA.ANDREWS@sakilacustomer.org",187.00,1.00,2/14/2006 22:04:36,2/15/2006 4:57:20
184.00,1.00,"VIVIAN","RUIZ","VIVIAN.RUIZ@sakilacustomer.org",188.00,1.00,2/14/2006 22:04:36,2/15/2006 4:57:20
185.00,1.00,"ROBERTA","HARPER","ROBERTA.HARPER@sakilacustomer.org",189.00,1.00,2/14/2006 22:04:36,2/15/2006 4:57:20
186.00,2.00,"HOLLY","FOX","HOLLY.FOX@sakilacustomer.org",190.00,1.00,2/14/2006 22:04:36,2/15/2006 4:57:20
187.00,2.00,"BRITTANY","RILEY","BRITTANY.RILEY@sakilacustomer.org",191.00,1.00,2/14/2006 22:04:36,2/15/2006 4:57:20
188.00,1.00,"MELANIE","ARMSTRONG","MELANIE.ARMSTRONG@sakilacustomer.org",192.00,1.00,2/14/2006 22:04:36,2/15/2006 4:57:20
189.00,1.00,"LORETTA","CARPENTER","LORETTA.CARPENTER@sakilacustomer.org",193.00,1.00,2/14/2006 22:04:36,2/15/2006 4:57:20
190.00,2.00,"YOLANDA","WEAVER","YOLANDA.WEAVER@sakilacustomer.org",194.00,1.00,2/14/2006 22:04:36,2/15/2006 4:57:20
191.00,1.00,"JEANETTE","GREENE","JEANETTE.GREENE@sakilacustomer.org",195.00,1.00,2/14/2006 22:04:36,2/15/2006 4:57:20
192.00,1.00,"LAURIE","LAWRENCE","LAURIE.LAWRENCE@sakilacustomer.org",196.00,1.00,2/14/2006 22:04:36,2/15/2006 4:57:20
193.00,2.00,"KATIE","ELLIOTT","KATIE.ELLIOTT@sakilacustomer.org",197.00,1.00,2/14/2006 22:04:36,2/15/2006 4:57:20
194.00,2.00,"KRISTEN","CHAVEZ","KRISTEN.CHAVEZ@sakilacustomer.org",198.00,1.00,2/14/2006 22:04:36,2/15/2006 4:57:20
195.00,1.00,"VANESSA","SIMS","VANESSA.SIMS@sakilacustomer.org",199.00,1.00,2/14/2006 22:04:36,2/15/2006 4:57:20
196.00,1.00,"ALMA","AUSTIN","ALMA.AUSTIN@sakilacustomer.org",200.00,1.00,2/14/2006 22:04:36,2/15/2006 4:57:20
197.00,2.00,"SUE","PETERS","SUE.PETERS@sakilacustomer.org",201.00,1.00,2/14/2006 22:04:36,2/15/2006 4:57:20
198.00,2.00,"ELSIE","KELLEY","ELSIE.KELLEY@sakilacustomer.org",202.00,1.00,2/14/2006 22:04:36,2/15/2006 4:57:20
199.00,2.00,"BETH","FRANKLIN","BETH.FRANKLIN@sakilacustomer.org",203.00,1.00,2/14/2006 22:04:36,2/15/2006 4:57:20
200.00,2.00,"JEANNE","LAWSON","JEANNE.LAWSON@sakilacustomer.org",204.00,1.00,2/14/2006 22:04:36,2/15/2006 4:57:20
201.00,1.00,"VICKI","FIELDS","VICKI.FIELDS@sakilacustomer.org",205.00,1.00,2/14/2006 22:04:36,2/15/2006 4:57:20
202.00,2.00,"CARLA","GUTIERREZ","CARLA.GUTIERREZ@sakilacustomer.org",206.00,1.00,2/14/2006 22:04:36,2/15/2006 4:57:20
203.00,1.00,"TARA","RYAN","TARA.RYAN@sakilacustomer.org",207.00,1.00,2/14/2006 22:04:36,2/15/2006 4:57:20
204.00,1.00,"ROSEMARY","SCHMIDT","ROSEMARY.SCHMIDT@sakilacustomer.org",208.00,1.00,2/14/2006 22:04:36,2/15/2006 4:57:20
205.00,2.00,"EILEEN","CARR","EILEEN.CARR@sakilacustomer.org",209.00,1.00,2/14/2006 22:04:36,2/15/2006 4:57:20
206.00,1.00,"TERRI","VASQUEZ","TERRI.VASQUEZ@sakilacustomer.org",210.00,1.00,2/14/2006 22:04:36,2/15/2006 4:57:20
207.00,1.00,"GERTRUDE","CASTILLO","GERTRUDE.CASTILLO@sakilacustomer.org",211.00,1.00,2/14/2006 22:04:36,2/15/2006 4:57:20
208.00,1.00,"LUCY","WHEELER","LUCY.WHEELER@sakilacustomer.org",212.00,1.00,2/14/2006 22:04:36,2/15/2006 4:57:20
209.00,2.00,"TONYA","CHAPMAN","TONYA.CHAPMAN@sakilacustomer.org",213.00,1.00,2/14/2006 22:04:36,2/15/2006 4:57:20
210.00,2.00,"ELLA","OLIVER","ELLA.OLIVER@sakilacustomer.org",214.00,1.00,2/14/2006 22:04:36,2/15/2006 4:57:20
211.00,1.00,"STACEY","MONTGOMERY","STACEY.MONTGOMERY@sakilacustomer.org",215.00,1.00,2/14/2006 22:04:36,2/15/2006 4:57:20
212.00,2.00,"WILMA","RICHARDS","WILMA.RICHARDS@sakilacustomer.org",216.00,1.00,2/14/2006 22:04:36,2/15/2006 4:57:20
213.00,1.00,"GINA","WILLIAMSON","GINA.WILLIAMSON@sakilacustomer.org",217.00,1.00,2/14/2006 22:04:36,2/15/2006 4:57:20
214.00,1.00,"KRISTIN","JOHNSTON","KRISTIN.JOHNSTON@sakilacustomer.org",218.00,1.00,2/14/2006 22:04:36,2/15/2006 4:57:20
215.00,2.00,"JESSIE","BANKS","JESSIE.BANKS@sakilacustomer.org",219.00,1.00,2/14/2006 22:04:36,2/15/2006 4:57:20
216.00,1.00,"NATALIE","MEYER","NATALIE.MEYER@sakilacustomer.org",220.00,1.00,2/14/2006 22:04:36,2/15/2006 4:57:20
217.00,2.00,"AGNES","BISHOP","AGNES.BISHOP@sakilacustomer.org",221.00,1.00,2/14/2006 22:04:36,2/15/2006 4:57:20
218.00,1.00,"VERA","MCCOY","VERA.MCCOY@sakilacustomer.org",222.00,1.00,2/14/2006 22:04:36,2/15/2006 4:57:20
219.00,2.00,"WILLIE","HOWELL","WILLIE.HOWELL@sakilacustomer.org",223.00,1.00,2/14/2006 22:04:36,2/15/2006 4:57:20
220.00,2.00,"CHARLENE","ALVAREZ","CHARLENE.ALVAREZ@sakilacustomer.org",224.00,1.00,2/14/2006 22:04:36,2/15/2006 4:57:20
221.00,1.00,"BESSIE","MORRISON","BESSIE.MORRISON@sakilacustomer.org",225.00,1.00,2/14/2006 22:04:36,2/15/2006 4:57:20
222.00,2.00,"DELORES","HANSEN","DELORES.HANSEN@sakilacustomer.org",226.00,1.00,2/14/2006 22:04:36,2/15/2006 4:57:20
223.00,1.00,"MELINDA","FERNANDEZ","MELINDA.FERNANDEZ@sakilacustomer.org",227.00,1.00,2/14/2006 22:04:36,2/15/2006 4:57:20
224.00,2.00,"PEARL","GARZA","PEARL.GARZA@sakilacustomer.org",228.00,1.00,2/14/2006 22:04:36,2/15/2006 4:57:20
225.00,1.00,"ARLENE","HARVEY","ARLENE.HARVEY@sakilacustomer.org",229.00,1.00,2/14/2006 22:04:36,2/15/2006 4:57:20
226.00,2.00,"MAUREEN","LITTLE","MAUREEN.LITTLE@sakilacustomer.org",230.00,1.00,2/14/2006 22:04:36,2/15/2006 4:57:20
227.00,1.00,"COLLEEN","BURTON","COLLEEN.BURTON@sakilacustomer.org",231.00,1.00,2/14/2006 22:04:36,2/15/2006 4:57:20
228.00,2.00,"ALLISON","STANLEY","ALLISON.STANLEY@sakilacustomer.org",232.00,1.00,2/14/2006 22:04:36,2/15/2006 4:57:20
229.00,1.00,"TAMARA","NGUYEN","TAMARA.NGUYEN@sakilacustomer.org",233.00,1.00,2/14/2006 22:04:36,2/15/2006 4:57:20
230.00,2.00,"JOY","GEORGE","JOY.GEORGE@sakilacustomer.org",234.00,1.00,2/14/2006 22:04:36,2/15/2006 4:57:20
231.00,1.00,"GEORGIA","JACOBS","GEORGIA.JACOBS@sakilacustomer.org",235.00,1.00,2/14/2006 22:04:36,2/15/2006 4:57:20
232.00,2.00,"CONSTANCE","REID","CONSTANCE.REID@sakilacustomer.org",236.00,1.00,2/14/2006 22:04:36,2/15/2006 4:57:20
233.00,2.00,"LILLIE","KIM","LILLIE.KIM@sakilacustomer.org",237.00,1.00,2/14/2006 22:04:36,2/15/2006 4:57:20
234.00,1.00,"CLAUDIA","FULLER","CLAUDIA.FULLER@sakilacustomer.org",238.00,1.00,2/14/2006 22:04:36,2/15/2006 4:57:20
235.00,1.00,"JACKIE","LYNCH","JACKIE.LYNCH@sakilacustomer.org",239.00,1.00,2/14/2006 22:04:36,2/15/2006 4:57:20
236.00,1.00,"MARCIA","DEAN","MARCIA.DEAN@sakilacustomer.org",240.00,1.00,2/14/2006 22:04:36,2/15/2006 4:57:20
237.00,1.00,"TANYA","GILBERT","TANYA.GILBERT@sakilacustomer.org",241.00,1.00,2/14/2006 22:04:36,2/15/2006 4:57:20
238.00,1.00,"NELLIE","GARRETT","NELLIE.GARRETT@sakilacustomer.org",242.00,1.00,2/14/2006 22:04:36,2/15/2006 4:57:20
239.00,2.00,"MINNIE","ROMERO","MINNIE.ROMERO@sakilacustomer.org",243.00,1.00,2/14/2006 22:04:36,2/15/2006 4:57:20
240.00,1.00,"MARLENE","WELCH","MARLENE.WELCH@sakilacustomer.org",244.00,1.00,2/14/2006 22:04:36,2/15/2006 4:57:20
241.00,2.00,"HEIDI","LARSON","HEIDI.LARSON@sakilacustomer.org",245.00,0.00,2/14/2006 22:04:36,2/15/2006 4:57:20
242.00,1.00,"GLENDA","FRAZIER","GLENDA.FRAZIER@sakilacustomer.org",246.00,1.00,2/14/2006 22:04:36,2/15/2006 4:57:20
243.00,1.00,"LYDIA","BURKE","LYDIA.BURKE@sakilacustomer.org",247.00,1.00,2/14/2006 22:04:36,2/15/2006 4:57:20
244.00,2.00,"VIOLA","HANSON","VIOLA.HANSON@sakilacustomer.org",248.00,1.00,2/14/2006 22:04:36,2/15/2006 4:57:20
245.00,1.00,"COURTNEY","DAY","COURTNEY.DAY@sakilacustomer.org",249.00,1.00,2/14/2006 22:04:36,2/15/2006 4:57:20
246.00,1.00,"MARIAN","MENDOZA","MARIAN.MENDOZA@sakilacustomer.org",250.00,1.00,2/14/2006 22:04:36,2/15/2006 4:57:20
247.00,1.00,"STELLA","MORENO","STELLA.MORENO@sakilacustomer.org",251.00,1.00,2/14/2006 22:04:36,2/15/2006 4:57:20
248.00,1.00,"CAROLINE","BOWMAN","CAROLINE.BOWMAN@sakilacustomer.org",252.00,1.00,2/14/2006 22:04:36,2/15/2006 4:57:20
249.00,2.00,"DORA","MEDINA","DORA.MEDINA@sakilacustomer.org",253.00,1.00,2/14/2006 22:04:36,2/15/2006 4:57:20
250.00,2.00,"JO","FOWLER","JO.FOWLER@sakilacustomer.org",254.00,1.00,2/14/2006 22:04:36,2/15/2006 4:57:20
251.00,2.00,"VICKIE","BREWER","VICKIE.BREWER@sakilacustomer.org",255.00,1.00,2/14/2006 22:04:36,2/15/2006 4:57:20
252.00,2.00,"MATTIE","HOFFMAN","MATTIE.HOFFMAN@sakilacustomer.org",256.00,1.00,2/14/2006 22:04:36,2/15/2006 4:57:20
253.00,1.00,"TERRY","CARLSON","TERRY.CARLSON@sakilacustomer.org",258.00,1.00,2/14/2006 22:04:36,2/15/2006 4:57:20
254.00,2.00,"MAXINE","SILVA","MAXINE.SILVA@sakilacustomer.org",259.00,1.00,2/14/2006 22:04:36,2/15/2006 4:57:20
255.00,2.00,"IRMA","PEARSON","IRMA.PEARSON@sakilacustomer.org",260.00,1.00,2/14/2006 22:04:36,2/15/2006 4:57:20
256.00,2.00,"MABEL","HOLLAND","MABEL.HOLLAND@sakilacustomer.org",261.00,1.00,2/14/2006 22:04:36,2/15/2006 4:57:20
257.00,2.00,"MARSHA","DOUGLAS","MARSHA.DOUGLAS@sakilacustomer.org",262.00,1.00,2/14/2006 22:04:36,2/15/2006 4:57:20
258.00,1.00,"MYRTLE","FLEMING","MYRTLE.FLEMING@sakilacustomer.org",263.00,1.00,2/14/2006 22:04:36,2/15/2006 4:57:20
259.00,2.00,"LENA","JENSEN","LENA.JENSEN@sakilacustomer.org",264.00,1.00,2/14/2006 22:04:36,2/15/2006 4:57:20
260.00,1.00,"CHRISTY","VARGAS","CHRISTY.VARGAS@sakilacustomer.org",265.00,1.00,2/14/2006 22:04:36,2/15/2006 4:57:20
261.00,1.00,"DEANNA","BYRD","DEANNA.BYRD@sakilacustomer.org",266.00,1.00,2/14/2006 22:04:36,2/15/2006 4:57:20
262.00,2.00,"PATSY","DAVIDSON","PATSY.DAVIDSON@sakilacustomer.org",267.00,1.00,2/14/2006 22:04:36,2/15/2006 4:57:20
263.00,1.00,"HILDA","HOPKINS","HILDA.HOPKINS@sakilacustomer.org",268.00,1.00,2/14/2006 22:04:36,2/15/2006 4:57:20
264.00,1.00,"GWENDOLYN","MAY","GWENDOLYN.MAY@sakilacustomer.org",269.00,1.00,2/14/2006 22:04:36,2/15/2006 4:57:20
265.00,2.00,"JENNIE","TERRY","JENNIE.TERRY@sakilacustomer.org",270.00,1.00,2/14/2006 22:04:36,2/15/2006 4:57:20
266.00,2.00,"NORA","HERRERA","NORA.HERRERA@sakilacustomer.org",271.00,1.00,2/14/2006 22:04:36,2/15/2006 4:57:20
267.00,1.00,"MARGIE","WADE","MARGIE.WADE@sakilacustomer.org",272.00,1.00,2/14/2006 22:04:36,2/15/2006 4:57:20
268.00,1.00,"NINA","SOTO","NINA.SOTO@sakilacustomer.org",273.00,1.00,2/14/2006 22:04:36,2/15/2006 4:57:20
269.00,1.00,"CASSANDRA","WALTERS","CASSANDRA.WALTERS@sakilacustomer.org",274.00,1.00,2/14/2006 22:04:36,2/15/2006 4:57:20
270.00,1.00,"LEAH","CURTIS","LEAH.CURTIS@sakilacustomer.org",275.00,1.00,2/14/2006 22:04:36,2/15/2006 4:57:20
271.00,1.00,"PENNY","NEAL","PENNY.NEAL@sakilacustomer.org",276.00,0.00,2/14/2006 22:04:36,2/15/2006 4:57:20
272.00,1.00,"KAY","CALDWELL","KAY.CALDWELL@sakilacustomer.org",277.00,1.00,2/14/2006 22:04:37,2/15/2006 4:57:20
273.00,2.00,"PRISCILLA","LOWE","PRISCILLA.LOWE@sakilacustomer.org",278.00,1.00,2/14/2006 22:04:37,2/15/2006 4:57:20
274.00,1.00,"NAOMI","JENNINGS","NAOMI.JENNINGS@sakilacustomer.org",279.00,1.00,2/14/2006 22:04:37,2/15/2006 4:57:20
275.00,2.00,"CAROLE","BARNETT","CAROLE.BARNETT@sakilacustomer.org",280.00,1.00,2/14/2006 22:04:37,2/15/2006 4:57:20
276.00,1.00,"BRANDY","GRAVES","BRANDY.GRAVES@sakilacustomer.org",281.00,1.00,2/14/2006 22:04:37,2/15/2006 4:57:20
277.00,2.00,"OLGA","JIMENEZ","OLGA.JIMENEZ@sakilacustomer.org",282.00,1.00,2/14/2006 22:04:37,2/15/2006 4:57:20
278.00,2.00,"BILLIE","HORTON","BILLIE.HORTON@sakilacustomer.org",283.00,1.00,2/14/2006 22:04:37,2/15/2006 4:57:20
279.00,2.00,"DIANNE","SHELTON","DIANNE.SHELTON@sakilacustomer.org",284.00,1.00,2/14/2006 22:04:37,2/15/2006 4:57:20
280.00,2.00,"TRACEY","BARRETT","TRACEY.BARRETT@sakilacustomer.org",285.00,1.00,2/14/2006 22:04:37,2/15/2006 4:57:20
281.00,2.00,"LEONA","OBRIEN","LEONA.OBRIEN@sakilacustomer.org",286.00,1.00,2/14/2006 22:04:37,2/15/2006 4:57:20
282.00,2.00,"JENNY","CASTRO","JENNY.CASTRO@sakilacustomer.org",287.00,1.00,2/14/2006 22:04:37,2/15/2006 4:57:20
283.00,1.00,"FELICIA","SUTTON","FELICIA.SUTTON@sakilacustomer.org",288.00,1.00,2/14/2006 22:04:37,2/15/2006 4:57:20
284.00,1.00,"SONIA","GREGORY","SONIA.GREGORY@sakilacustomer.org",289.00,1.00,2/14/2006 22:04:37,2/15/2006 4:57:20
285.00,1.00,"MIRIAM","MCKINNEY","MIRIAM.MCKINNEY@sakilacustomer.org",290.00,1.00,2/14/2006 22:04:37,2/15/2006 4:57:20
286.00,1.00,"VELMA","LUCAS","VELMA.LUCAS@sakilacustomer.org",291.00,1.00,2/14/2006 22:04:37,2/15/2006 4:57:20
287.00,2.00,"BECKY","MILES","BECKY.MILES@sakilacustomer.org",292.00,1.00,2/14/2006 22:04:37,2/15/2006 4:57:20
288.00,1.00,"BOBBIE","CRAIG","BOBBIE.CRAIG@sakilacustomer.org",293.00,1.00,2/14/2006 22:04:37,2/15/2006 4:57:20
289.00,1.00,"VIOLET","RODRIQUEZ","VIOLET.RODRIQUEZ@sakilacustomer.org",294.00,1.00,2/14/2006 22:04:37,2/15/2006 4:57:20
290.00,1.00,"KRISTINA","CHAMBERS","KRISTINA.CHAMBERS@sakilacustomer.org",295.00,1.00,2/14/2006 22:04:37,2/15/2006 4:57:20
291.00,1.00,"TONI","HOLT","TONI.HOLT@sakilacustomer.org",296.00,1.00,2/14/2006 22:04:37,2/15/2006 4:57:20
292.00,2.00,"MISTY","LAMBERT","MISTY.LAMBERT@sakilacustomer.org",297.00,1.00,2/14/2006 22:04:37,2/15/2006 4:57:20
293.00,2.00,"MAE","FLETCHER","MAE.FLETCHER@sakilacustomer.org",298.00,1.00,2/14/2006 22:04:37,2/15/2006 4:57:20
294.00,2.00,"SHELLY","WATTS","SHELLY.WATTS@sakilacustomer.org",299.00,1.00,2/14/2006 22:04:37,2/15/2006 4:57:20
295.00,1.00,"DAISY","BATES","DAISY.BATES@sakilacustomer.org",300.00,1.00,2/14/2006 22:04:37,2/15/2006 4:57:20
296.00,2.00,"RAMONA","HALE","RAMONA.HALE@sakilacustomer.org",301.00,1.00,2/14/2006 22:04:37,2/15/2006 4:57:20
297.00,1.00,"SHERRI","RHODES","SHERRI.RHODES@sakilacustomer.org",302.00,1.00,2/14/2006 22:04:37,2/15/2006 4:57:20
298.00,1.00,"ERIKA","PENA","ERIKA.PENA@sakilacustomer.org",303.00,1.00,2/14/2006 22:04:37,2/15/2006 4:57:20
299.00,2.00,"JAMES","GANNON","JAMES.GANNON@sakilacustomer.org",304.00,1.00,2/14/2006 22:04:37,2/15/2006 4:57:20
300.00,1.00,"JOHN","FARNSWORTH","JOHN.FARNSWORTH@sakilacustomer.org",305.00,1.00,2/14/2006 22:04:37,2/15/2006 4:57:20
301.00,2.00,"ROBERT","BAUGHMAN","ROBERT.BAUGHMAN@sakilacustomer.org",306.00,1.00,2/14/2006 22:04:37,2/15/2006 4:57:20
302.00,1.00,"MICHAEL","SILVERMAN","MICHAEL.SILVERMAN@sakilacustomer.org",307.00,1.00,2/14/2006 22:04:37,2/15/2006 4:57:20
303.00,2.00,"WILLIAM","SATTERFIELD","WILLIAM.SATTERFIELD@sakilacustomer.org",308.00,1.00,2/14/2006 22:04:37,2/15/2006 4:57:20
304.00,2.00,"DAVID","ROYAL","DAVID.ROYAL@sakilacustomer.org",309.00,1.00,2/14/2006 22:04:37,2/15/2006 4:57:20
305.00,1.00,"RICHARD","MCCRARY","RICHARD.MCCRARY@sakilacustomer.org",310.00,1.00,2/14/2006 22:04:37,2/15/2006 4:57:20
306.00,1.00,"CHARLES","KOWALSKI","CHARLES.KOWALSKI@sakilacustomer.org",311.00,1.00,2/14/2006 22:04:37,2/15/2006 4:57:20
307.00,2.00,"JOSEPH","JOY","JOSEPH.JOY@sakilacustomer.org",312.00,1.00,2/14/2006 22:04:37,2/15/2006 4:57:20
308.00,1.00,"THOMAS","GRIGSBY","THOMAS.GRIGSBY@sakilacustomer.org",313.00,1.00,2/14/2006 22:04:37,2/15/2006 4:57:20
309.00,1.00,"CHRISTOPHER","GRECO","CHRISTOPHER.GRECO@sakilacustomer.org",314.00,1.00,2/14/2006 22:04:37,2/15/2006 4:57:20
310.00,2.00,"DANIEL","CABRAL","DANIEL.CABRAL@sakilacustomer.org",315.00,1.00,2/14/2006 22:04:37,2/15/2006 4:57:20
311.00,2.00,"PAUL","TROUT","PAUL.TROUT@sakilacustomer.org",316.00,1.00,2/14/2006 22:04:37,2/15/2006 4:57:20
312.00,2.00,"MARK","RINEHART","MARK.RINEHART@sakilacustomer.org",317.00,1.00,2/14/2006 22:04:37,2/15/2006 4:57:20
313.00,2.00,"DONALD","MAHON","DONALD.MAHON@sakilacustomer.org",318.00,1.00,2/14/2006 22:04:37,2/15/2006 4:57:20
314.00,1.00,"GEORGE","LINTON","GEORGE.LINTON@sakilacustomer.org",319.00,1.00,2/14/2006 22:04:37,2/15/2006 4:57:20
315.00,2.00,"KENNETH","GOODEN","KENNETH.GOODEN@sakilacustomer.org",320.00,0.00,2/14/2006 22:04:37,2/15/2006 4:57:20
316.00,1.00,"STEVEN","CURLEY","STEVEN.CURLEY@sakilacustomer.org",321.00,1.00,2/14/2006 22:04:37,2/15/2006 4:57:20
317.00,2.00,"EDWARD","BAUGH","EDWARD.BAUGH@sakilacustomer.org",322.00,1.00,2/14/2006 22:04:37,2/15/2006 4:57:20
318.00,1.00,"BRIAN","WYMAN","BRIAN.WYMAN@sakilacustomer.org",323.00,1.00,2/14/2006 22:04:37,2/15/2006 4:57:20
319.00,2.00,"RONALD","WEINER","RONALD.WEINER@sakilacustomer.org",324.00,1.00,2/14/2006 22:04:37,2/15/2006 4:57:20
320.00,2.00,"ANTHONY","SCHWAB","ANTHONY.SCHWAB@sakilacustomer.org",325.00,1.00,2/14/2006 22:04:37,2/15/2006 4:57:20
321.00,1.00,"KEVIN","SCHULER","KEVIN.SCHULER@sakilacustomer.org",326.00,1.00,2/14/2006 22:04:37,2/15/2006 4:57:20
322.00,1.00,"JASON","MORRISSEY","JASON.MORRISSEY@sakilacustomer.org",327.00,1.00,2/14/2006 22:04:37,2/15/2006 4:57:20
323.00,2.00,"MATTHEW","MAHAN","MATTHEW.MAHAN@sakilacustomer.org",328.00,1.00,2/14/2006 22:04:37,2/15/2006 4:57:20
324.00,2.00,"GARY","COY","GARY.COY@sakilacustomer.org",329.00,1.00,2/14/2006 22:04:37,2/15/2006 4:57:20
325.00,1.00,"TIMOTHY","BUNN","TIMOTHY.BUNN@sakilacustomer.org",330.00,1.00,2/14/2006 22:04:37,2/15/2006 4:57:20
326.00,1.00,"JOSE","ANDREW","JOSE.ANDREW@sakilacustomer.org",331.00,1.00,2/14/2006 22:04:37,2/15/2006 4:57:20
327.00,2.00,"LARRY","THRASHER","LARRY.THRASHER@sakilacustomer.org",332.00,1.00,2/14/2006 22:04:37,2/15/2006 4:57:20
328.00,2.00,"JEFFREY","SPEAR","JEFFREY.SPEAR@sakilacustomer.org",333.00,1.00,2/14/2006 22:04:37,2/15/2006 4:57:20
329.00,2.00,"FRANK","WAGGONER","FRANK.WAGGONER@sakilacustomer.org",334.00,1.00,2/14/2006 22:04:37,2/15/2006 4:57:20
330.00,1.00,"SCOTT","SHELLEY","SCOTT.SHELLEY@sakilacustomer.org",335.00,1.00,2/14/2006 22:04:37,2/15/2006 4:57:20
331.00,1.00,"ERIC","ROBERT","ERIC.ROBERT@sakilacustomer.org",336.00,1.00,2/14/2006 22:04:37,2/15/2006 4:57:20
332.00,1.00,"STEPHEN","QUALLS","STEPHEN.QUALLS@sakilacustomer.org",337.00,1.00,2/14/2006 22:04:37,2/15/2006 4:57:20
333.00,2.00,"ANDREW","PURDY","ANDREW.PURDY@sakilacustomer.org",338.00,1.00,2/14/2006 22:04:37,2/15/2006 4:57:20
334.00,2.00,"RAYMOND","MCWHORTER","RAYMOND.MCWHORTER@sakilacustomer.org",339.00,1.00,2/14/2006 22:04:37,2/15/2006 4:57:20
335.00,1.00,"GREGORY","MAULDIN","GREGORY.MAULDIN@sakilacustomer.org",340.00,1.00,2/14/2006 22:04:37,2/15/2006 4:57:20
336.00,1.00,"JOSHUA","MARK","JOSHUA.MARK@sakilacustomer.org",341.00,1.00,2/14/2006 22:04:37,2/15/2006 4:57:20
337.00,1.00,"JERRY","JORDON","JERRY.JORDON@sakilacustomer.org",342.00,1.00,2/14/2006 22:04:37,2/15/2006 4:57:20
338.00,1.00,"DENNIS","GILMAN","DENNIS.GILMAN@sakilacustomer.org",343.00,1.00,2/14/2006 22:04:37,2/15/2006 4:57:20
339.00,2.00,"WALTER","PERRYMAN","WALTER.PERRYMAN@sakilacustomer.org",344.00,1.00,2/14/2006 22:04:37,2/15/2006 4:57:20
340.00,1.00,"PATRICK","NEWSOM","PATRICK.NEWSOM@sakilacustomer.org",345.00,1.00,2/14/2006 22:04:37,2/15/2006 4:57:20
341.00,1.00,"PETER","MENARD","PETER.MENARD@sakilacustomer.org",346.00,1.00,2/14/2006 22:04:37,2/15/2006 4:57:20
342.00,1.00,"HAROLD","MARTINO","HAROLD.MARTINO@sakilacustomer.org",347.00,1.00,2/14/2006 22:04:37,2/15/2006 4:57:20
343.00,1.00,"DOUGLAS","GRAF","DOUGLAS.GRAF@sakilacustomer.org",348.00,1.00,2/14/2006 22:04:37,2/15/2006 4:57:20
344.00,1.00,"HENRY","BILLINGSLEY","HENRY.BILLINGSLEY@sakilacustomer.org",349.00,1.00,2/14/2006 22:04:37,2/15/2006 4:57:20
345.00,1.00,"CARL","ARTIS","CARL.ARTIS@sakilacustomer.org",350.00,1.00,2/14/2006 22:04:37,2/15/2006 4:57:20
346.00,1.00,"ARTHUR","SIMPKINS","ARTHUR.SIMPKINS@sakilacustomer.org",351.00,1.00,2/14/2006 22:04:37,2/15/2006 4:57:20
347.00,2.00,"RYAN","SALISBURY","RYAN.SALISBURY@sakilacustomer.org",352.00,1.00,2/14/2006 22:04:37,2/15/2006 4:57:20
348.00,2.00,"ROGER","QUINTANILLA","ROGER.QUINTANILLA@sakilacustomer.org",353.00,1.00,2/14/2006 22:04:37,2/15/2006 4:57:20
349.00,2.00,"JOE","GILLILAND","JOE.GILLILAND@sakilacustomer.org",354.00,1.00,2/14/2006 22:04:37,2/15/2006 4:57:20
350.00,1.00,"JUAN","FRALEY","JUAN.FRALEY@sakilacustomer.org",355.00,1.00,2/14/2006 22:04:37,2/15/2006 4:57:20
351.00,1.00,"JACK","FOUST","JACK.FOUST@sakilacustomer.org",356.00,1.00,2/14/2006 22:04:37,2/15/2006 4:57:20
352.00,1.00,"ALBERT","CROUSE","ALBERT.CROUSE@sakilacustomer.org",357.00,1.00,2/14/2006 22:04:37,2/15/2006 4:57:20
353.00,1.00,"JONATHAN","SCARBOROUGH","JONATHAN.SCARBOROUGH@sakilacustomer.org",358.00,1.00,2/14/2006 22:04:37,2/15/2006 4:57:20
354.00,2.00,"JUSTIN","NGO","JUSTIN.NGO@sakilacustomer.org",359.00,1.00,2/14/2006 22:04:37,2/15/2006 4:57:20
355.00,2.00,"TERRY","GRISSOM","TERRY.GRISSOM@sakilacustomer.org",360.00,1.00,2/14/2006 22:04:37,2/15/2006 4:57:20
356.00,2.00,"GERALD","FULTZ","GERALD.FULTZ@sakilacustomer.org",361.00,1.00,2/14/2006 22:04:37,2/15/2006 4:57:20
357.00,1.00,"KEITH","RICO","KEITH.RICO@sakilacustomer.org",362.00,1.00,2/14/2006 22:04:37,2/15/2006 4:57:20
358.00,2.00,"SAMUEL","MARLOW","SAMUEL.MARLOW@sakilacustomer.org",363.00,1.00,2/14/2006 22:04:37,2/15/2006 4:57:20
359.00,2.00,"WILLIE","MARKHAM","WILLIE.MARKHAM@sakilacustomer.org",364.00,1.00,2/14/2006 22:04:37,2/15/2006 4:57:20
360.00,2.00,"RALPH","MADRIGAL","RALPH.MADRIGAL@sakilacustomer.org",365.00,1.00,2/14/2006 22:04:37,2/15/2006 4:57:20
361.00,2.00,"LAWRENCE","LAWTON","LAWRENCE.LAWTON@sakilacustomer.org",366.00,1.00,2/14/2006 22:04:37,2/15/2006 4:57:20
362.00,1.00,"NICHOLAS","BARFIELD","NICHOLAS.BARFIELD@sakilacustomer.org",367.00,1.00,2/14/2006 22:04:37,2/15/2006 4:57:20
363.00,2.00,"ROY","WHITING","ROY.WHITING@sakilacustomer.org",368.00,1.00,2/14/2006 22:04:37,2/15/2006 4:57:20
364.00,1.00,"BENJAMIN","VARNEY","BENJAMIN.VARNEY@sakilacustomer.org",369.00,1.00,2/14/2006 22:04:37,2/15/2006 4:57:20
365.00,2.00,"BRUCE","SCHWARZ","BRUCE.SCHWARZ@sakilacustomer.org",370.00,1.00,2/14/2006 22:04:37,2/15/2006 4:57:20
366.00,1.00,"BRANDON","HUEY","BRANDON.HUEY@sakilacustomer.org",371.00,1.00,2/14/2006 22:04:37,2/15/2006 4:57:20
367.00,1.00,"ADAM","GOOCH","ADAM.GOOCH@sakilacustomer.org",372.00,1.00,2/14/2006 22:04:37,2/15/2006 4:57:20
368.00,1.00,"HARRY","ARCE","HARRY.ARCE@sakilacustomer.org",373.00,0.00,2/14/2006 22:04:37,2/15/2006 4:57:20
369.00,2.00,"FRED","WHEAT","FRED.WHEAT@sakilacustomer.org",374.00,1.00,2/14/2006 22:04:37,2/15/2006 4:57:20
370.00,2.00,"WAYNE","TRUONG","WAYNE.TRUONG@sakilacustomer.org",375.00,1.00,2/14/2006 22:04:37,2/15/2006 4:57:20
371.00,1.00,"BILLY","POULIN","BILLY.POULIN@sakilacustomer.org",376.00,1.00,2/14/2006 22:04:37,2/15/2006 4:57:20
372.00,2.00,"STEVE","MACKENZIE","STEVE.MACKENZIE@sakilacustomer.org",377.00,1.00,2/14/2006 22:04:37,2/15/2006 4:57:20
373.00,1.00,"LOUIS","LEONE","LOUIS.LEONE@sakilacustomer.org",378.00,1.00,2/14/2006 22:04:37,2/15/2006 4:57:20
374.00,2.00,"JEREMY","HURTADO","JEREMY.HURTADO@sakilacustomer.org",379.00,1.00,2/14/2006 22:04:37,2/15/2006 4:57:20
375.00,2.00,"AARON","SELBY","AARON.SELBY@sakilacustomer.org",380.00,1.00,2/14/2006 22:04:37,2/15/2006 4:57:20
376.00,1.00,"RANDY","GAITHER","RANDY.GAITHER@sakilacustomer.org",381.00,1.00,2/14/2006 22:04:37,2/15/2006 4:57:20
377.00,1.00,"HOWARD","FORTNER","HOWARD.FORTNER@sakilacustomer.org",382.00,1.00,2/14/2006 22:04:37,2/15/2006 4:57:20
378.00,1.00,"EUGENE","CULPEPPER","EUGENE.CULPEPPER@sakilacustomer.org",383.00,1.00,2/14/2006 22:04:37,2/15/2006 4:57:20
379.00,1.00,"CARLOS","COUGHLIN","CARLOS.COUGHLIN@sakilacustomer.org",384.00,1.00,2/14/2006 22:04:37,2/15/2006 4:57:20
380.00,1.00,"RUSSELL","BRINSON","RUSSELL.BRINSON@sakilacustomer.org",385.00,1.00,2/14/2006 22:04:37,2/15/2006 4:57:20
381.00,2.00,"BOBBY","BOUDREAU","BOBBY.BOUDREAU@sakilacustomer.org",386.00,1.00,2/14/2006 22:04:37,2/15/2006 4:57:20
382.00,2.00,"VICTOR","BARKLEY","VICTOR.BARKLEY@sakilacustomer.org",387.00,1.00,2/14/2006 22:04:37,2/15/2006 4:57:20
383.00,1.00,"MARTIN","BALES","MARTIN.BALES@sakilacustomer.org",388.00,1.00,2/14/2006 22:04:37,2/15/2006 4:57:20
384.00,2.00,"ERNEST","STEPP","ERNEST.STEPP@sakilacustomer.org",389.00,1.00,2/14/2006 22:04:37,2/15/2006 4:57:20
385.00,1.00,"PHILLIP","HOLM","PHILLIP.HOLM@sakilacustomer.org",390.00,1.00,2/14/2006 22:04:37,2/15/2006 4:57:20
386.00,1.00,"TODD","TAN","TODD.TAN@sakilacustomer.org",391.00,1.00,2/14/2006 22:04:37,2/15/2006 4:57:20
387.00,2.00,"JESSE","SCHILLING","JESSE.SCHILLING@sakilacustomer.org",392.00,1.00,2/14/2006 22:04:37,2/15/2006 4:57:20
388.00,2.00,"CRAIG","MORRELL","CRAIG.MORRELL@sakilacustomer.org",393.00,1.00,2/14/2006 22:04:37,2/15/2006 4:57:20
389.00,1.00,"ALAN","KAHN","ALAN.KAHN@sakilacustomer.org",394.00,1.00,2/14/2006 22:04:37,2/15/2006 4:57:20
390.00,1.00,"SHAWN","HEATON","SHAWN.HEATON@sakilacustomer.org",395.00,1.00,2/14/2006 22:04:37,2/15/2006 4:57:20
391.00,1.00,"CLARENCE","GAMEZ","CLARENCE.GAMEZ@sakilacustomer.org",396.00,1.00,2/14/2006 22:04:37,2/15/2006 4:57:20
392.00,2.00,"SEAN","DOUGLASS","SEAN.DOUGLASS@sakilacustomer.org",397.00,1.00,2/14/2006 22:04:37,2/15/2006 4:57:20
393.00,1.00,"PHILIP","CAUSEY","PHILIP.CAUSEY@sakilacustomer.org",398.00,1.00,2/14/2006 22:04:37,2/15/2006 4:57:20
394.00,2.00,"CHRIS","BROTHERS","CHRIS.BROTHERS@sakilacustomer.org",399.00,1.00,2/14/2006 22:04:37,2/15/2006 4:57:20
395.00,2.00,"JOHNNY","TURPIN","JOHNNY.TURPIN@sakilacustomer.org",400.00,1.00,2/14/2006 22:04:37,2/15/2006 4:57:20
396.00,1.00,"EARL","SHANKS","EARL.SHANKS@sakilacustomer.org",401.00,1.00,2/14/2006 22:04:37,2/15/2006 4:57:20
397.00,1.00,"JIMMY","SCHRADER","JIMMY.SCHRADER@sakilacustomer.org",402.00,1.00,2/14/2006 22:04:37,2/15/2006 4:57:20
398.00,1.00,"ANTONIO","MEEK","ANTONIO.MEEK@sakilacustomer.org",403.00,1.00,2/14/2006 22:04:37,2/15/2006 4:57:20
399.00,1.00,"DANNY","ISOM","DANNY.ISOM@sakilacustomer.org",404.00,1.00,2/14/2006 22:04:37,2/15/2006 4:57:20
400.00,2.00,"BRYAN","HARDISON","BRYAN.HARDISON@sakilacustomer.org",405.00,1.00,2/14/2006 22:04:37,2/15/2006 4:57:20
401.00,2.00,"TONY","CARRANZA","TONY.CARRANZA@sakilacustomer.org",406.00,1.00,2/14/2006 22:04:37,2/15/2006 4:57:20
402.00,1.00,"LUIS","YANEZ","LUIS.YANEZ@sakilacustomer.org",407.00,1.00,2/14/2006 22:04:37,2/15/2006 4:57:20
403.00,1.00,"MIKE","WAY","MIKE.WAY@sakilacustomer.org",408.00,1.00,2/14/2006 22:04:37,2/15/2006 4:57:20
404.00,2.00,"STANLEY","SCROGGINS","STANLEY.SCROGGINS@sakilacustomer.org",409.00,1.00,2/14/2006 22:04:37,2/15/2006 4:57:20
405.00,1.00,"LEONARD","SCHOFIELD","LEONARD.SCHOFIELD@sakilacustomer.org",410.00,1.00,2/14/2006 22:04:37,2/15/2006 4:57:20
406.00,1.00,"NATHAN","RUNYON","NATHAN.RUNYON@sakilacustomer.org",411.00,0.00,2/14/2006 22:04:37,2/15/2006 4:57:20
407.00,1.00,"DALE","RATCLIFF","DALE.RATCLIFF@sakilacustomer.org",412.00,1.00,2/14/2006 22:04:37,2/15/2006 4:57:20
408.00,1.00,"MANUEL","MURRELL","MANUEL.MURRELL@sakilacustomer.org",413.00,1.00,2/14/2006 22:04:37,2/15/2006 4:57:20
409.00,2.00,"RODNEY","MOELLER","RODNEY.MOELLER@sakilacustomer.org",414.00,1.00,2/14/2006 22:04:37,2/15/2006 4:57:20
410.00,2.00,"CURTIS","IRBY","CURTIS.IRBY@sakilacustomer.org",415.00,1.00,2/14/2006 22:04:37,2/15/2006 4:57:20
411.00,1.00,"NORMAN","CURRIER","NORMAN.CURRIER@sakilacustomer.org",416.00,1.00,2/14/2006 22:04:37,2/15/2006 4:57:20
412.00,2.00,"ALLEN","BUTTERFIELD","ALLEN.BUTTERFIELD@sakilacustomer.org",417.00,1.00,2/14/2006 22:04:37,2/15/2006 4:57:20
413.00,2.00,"MARVIN","YEE","MARVIN.YEE@sakilacustomer.org",418.00,1.00,2/14/2006 22:04:37,2/15/2006 4:57:20
414.00,1.00,"VINCENT","RALSTON","VINCENT.RALSTON@sakilacustomer.org",419.00,1.00,2/14/2006 22:04:37,2/15/2006 4:57:20
415.00,1.00,"GLENN","PULLEN","GLENN.PULLEN@sakilacustomer.org",420.00,1.00,2/14/2006 22:04:37,2/15/2006 4:57:20
416.00,2.00,"JEFFERY","PINSON","JEFFERY.PINSON@sakilacustomer.org",421.00,1.00,2/14/2006 22:04:37,2/15/2006 4:57:20
417.00,1.00,"TRAVIS","ESTEP","TRAVIS.ESTEP@sakilacustomer.org",422.00,1.00,2/14/2006 22:04:37,2/15/2006 4:57:20
418.00,2.00,"JEFF","EAST","JEFF.EAST@sakilacustomer.org",423.00,1.00,2/14/2006 22:04:37,2/15/2006 4:57:20
419.00,1.00,"CHAD","CARBONE","CHAD.CARBONE@sakilacustomer.org",424.00,1.00,2/14/2006 22:04:37,2/15/2006 4:57:20
420.00,1.00,"JACOB","LANCE","JACOB.LANCE@sakilacustomer.org",425.00,1.00,2/14/2006 22:04:37,2/15/2006 4:57:20
421.00,1.00,"LEE","HAWKS","LEE.HAWKS@sakilacustomer.org",426.00,1.00,2/14/2006 22:04:37,2/15/2006 4:57:20
422.00,1.00,"MELVIN","ELLINGTON","MELVIN.ELLINGTON@sakilacustomer.org",427.00,1.00,2/14/2006 22:04:37,2/15/2006 4:57:20
423.00,2.00,"ALFRED","CASILLAS","ALFRED.CASILLAS@sakilacustomer.org",428.00,1.00,2/14/2006 22:04:37,2/15/2006 4:57:20
424.00,2.00,"KYLE","SPURLOCK","KYLE.SPURLOCK@sakilacustomer.org",429.00,1.00,2/14/2006 22:04:37,2/15/2006 4:57:20
425.00,2.00,"FRANCIS","SIKES","FRANCIS.SIKES@sakilacustomer.org",430.00,1.00,2/14/2006 22:04:37,2/15/2006 4:57:20
426.00,1.00,"BRADLEY","MOTLEY","BRADLEY.MOTLEY@sakilacustomer.org",431.00,1.00,2/14/2006 22:04:37,2/15/2006 4:57:20
427.00,2.00,"JESUS","MCCARTNEY","JESUS.MCCARTNEY@sakilacustomer.org",432.00,1.00,2/14/2006 22:04:37,2/15/2006 4:57:20
428.00,2.00,"HERBERT","KRUGER","HERBERT.KRUGER@sakilacustomer.org",433.00,1.00,2/14/2006 22:04:37,2/15/2006 4:57:20
429.00,2.00,"FREDERICK","ISBELL","FREDERICK.ISBELL@sakilacustomer.org",434.00,1.00,2/14/2006 22:04:37,2/15/2006 4:57:20
430.00,1.00,"RAY","HOULE","RAY.HOULE@sakilacustomer.org",435.00,1.00,2/14/2006 22:04:37,2/15/2006 4:57:20
431.00,2.00,"JOEL","FRANCISCO","JOEL.FRANCISCO@sakilacustomer.org",436.00,1.00,2/14/2006 22:04:37,2/15/2006 4:57:20
432.00,1.00,"EDWIN","BURK","EDWIN.BURK@sakilacustomer.org",437.00,1.00,2/14/2006 22:04:37,2/15/2006 4:57:20
433.00,1.00,"DON","BONE","DON.BONE@sakilacustomer.org",438.00,1.00,2/14/2006 22:04:37,2/15/2006 4:57:20
434.00,1.00,"EDDIE","TOMLIN","EDDIE.TOMLIN@sakilacustomer.org",439.00,1.00,2/14/2006 22:04:37,2/15/2006 4:57:20
435.00,2.00,"RICKY","SHELBY","RICKY.SHELBY@sakilacustomer.org",440.00,1.00,2/14/2006 22:04:37,2/15/2006 4:57:20
436.00,1.00,"TROY","QUIGLEY","TROY.QUIGLEY@sakilacustomer.org",441.00,1.00,2/14/2006 22:04:37,2/15/2006 4:57:20
437.00,2.00,"RANDALL","NEUMANN","RANDALL.NEUMANN@sakilacustomer.org",442.00,1.00,2/14/2006 22:04:37,2/15/2006 4:57:20
438.00,1.00,"BARRY","LOVELACE","BARRY.LOVELACE@sakilacustomer.org",443.00,1.00,2/14/2006 22:04:37,2/15/2006 4:57:20
439.00,2.00,"ALEXANDER","FENNELL","ALEXANDER.FENNELL@sakilacustomer.org",444.00,1.00,2/14/2006 22:04:37,2/15/2006 4:57:20
440.00,1.00,"BERNARD","COLBY","BERNARD.COLBY@sakilacustomer.org",445.00,1.00,2/14/2006 22:04:37,2/15/2006 4:57:20
441.00,1.00,"MARIO","CHEATHAM","MARIO.CHEATHAM@sakilacustomer.org",446.00,1.00,2/14/2006 22:04:37,2/15/2006 4:57:20
442.00,1.00,"LEROY","BUSTAMANTE","LEROY.BUSTAMANTE@sakilacustomer.org",447.00,1.00,2/14/2006 22:04:37,2/15/2006 4:57:20
443.00,2.00,"FRANCISCO","SKIDMORE","FRANCISCO.SKIDMORE@sakilacustomer.org",448.00,1.00,2/14/2006 22:04:37,2/15/2006 4:57:20
444.00,2.00,"MARCUS","HIDALGO","MARCUS.HIDALGO@sakilacustomer.org",449.00,1.00,2/14/2006 22:04:37,2/15/2006 4:57:20
445.00,1.00,"MICHEAL","FORMAN","MICHEAL.FORMAN@sakilacustomer.org",450.00,1.00,2/14/2006 22:04:37,2/15/2006 4:57:20
446.00,2.00,"THEODORE","CULP","THEODORE.CULP@sakilacustomer.org",451.00,0.00,2/14/2006 22:04:37,2/15/2006 4:57:20
447.00,1.00,"CLIFFORD","BOWENS","CLIFFORD.BOWENS@sakilacustomer.org",452.00,1.00,2/14/2006 22:04:37,2/15/2006 4:57:20
448.00,1.00,"MIGUEL","BETANCOURT","MIGUEL.BETANCOURT@sakilacustomer.org",453.00,1.00,2/14/2006 22:04:37,2/15/2006 4:57:20
449.00,2.00,"OSCAR","AQUINO","OSCAR.AQUINO@sakilacustomer.org",454.00,1.00,2/14/2006 22:04:37,2/15/2006 4:57:20
450.00,1.00,"JAY","ROBB","JAY.ROBB@sakilacustomer.org",455.00,1.00,2/14/2006 22:04:37,2/15/2006 4:57:20
451.00,1.00,"JIM","REA","JIM.REA@sakilacustomer.org",456.00,1.00,2/14/2006 22:04:37,2/15/2006 4:57:20
452.00,1.00,"TOM","MILNER","TOM.MILNER@sakilacustomer.org",457.00,1.00,2/14/2006 22:04:37,2/15/2006 4:57:20
453.00,1.00,"CALVIN","MARTEL","CALVIN.MARTEL@sakilacustomer.org",458.00,1.00,2/14/2006 22:04:37,2/15/2006 4:57:20
454.00,2.00,"ALEX","GRESHAM","ALEX.GRESHAM@sakilacustomer.org",459.00,1.00,2/14/2006 22:04:37,2/15/2006 4:57:20
455.00,2.00,"JON","WILES","JON.WILES@sakilacustomer.org",460.00,1.00,2/14/2006 22:04:37,2/15/2006 4:57:20
456.00,2.00,"RONNIE","RICKETTS","RONNIE.RICKETTS@sakilacustomer.org",461.00,1.00,2/14/2006 22:04:37,2/15/2006 4:57:20
457.00,2.00,"BILL","GAVIN","BILL.GAVIN@sakilacustomer.org",462.00,1.00,2/14/2006 22:04:37,2/15/2006 4:57:20
458.00,1.00,"LLOYD","DOWD","LLOYD.DOWD@sakilacustomer.org",463.00,1.00,2/14/2006 22:04:37,2/15/2006 4:57:20
459.00,1.00,"TOMMY","COLLAZO","TOMMY.COLLAZO@sakilacustomer.org",464.00,1.00,2/14/2006 22:04:37,2/15/2006 4:57:20
460.00,1.00,"LEON","BOSTIC","LEON.BOSTIC@sakilacustomer.org",465.00,1.00,2/14/2006 22:04:37,2/15/2006 4:57:20
461.00,1.00,"DEREK","BLAKELY","DEREK.BLAKELY@sakilacustomer.org",466.00,1.00,2/14/2006 22:04:37,2/15/2006 4:57:20
462.00,2.00,"WARREN","SHERROD","WARREN.SHERROD@sakilacustomer.org",467.00,1.00,2/14/2006 22:04:37,2/15/2006 4:57:20
463.00,2.00,"DARRELL","POWER","DARRELL.POWER@sakilacustomer.org",468.00,1.00,2/14/2006 22:04:37,2/15/2006 4:57:20
464.00,1.00,"JEROME","KENYON","JEROME.KENYON@sakilacustomer.org",469.00,1.00,2/14/2006 22:04:37,2/15/2006 4:57:20
465.00,1.00,"FLOYD","GANDY","FLOYD.GANDY@sakilacustomer.org",470.00,1.00,2/14/2006 22:04:37,2/15/2006 4:57:20
466.00,1.00,"LEO","EBERT","LEO.EBERT@sakilacustomer.org",471.00,1.00,2/14/2006 22:04:37,2/15/2006 4:57:20
467.00,2.00,"ALVIN","DELOACH","ALVIN.DELOACH@sakilacustomer.org",472.00,1.00,2/14/2006 22:04:37,2/15/2006 4:57:20
468.00,1.00,"TIM","CARY","TIM.CARY@sakilacustomer.org",473.00,1.00,2/14/2006 22:04:37,2/15/2006 4:57:20
469.00,2.00,"WESLEY","BULL","WESLEY.BULL@sakilacustomer.org",474.00,1.00,2/14/2006 22:04:37,2/15/2006 4:57:20
470.00,1.00,"GORDON","ALLARD","GORDON.ALLARD@sakilacustomer.org",475.00,1.00,2/14/2006 22:04:37,2/15/2006 4:57:20
471.00,1.00,"DEAN","SAUER","DEAN.SAUER@sakilacustomer.org",476.00,1.00,2/14/2006 22:04:37,2/15/2006 4:57:20
472.00,1.00,"GREG","ROBINS","GREG.ROBINS@sakilacustomer.org",477.00,1.00,2/14/2006 22:04:37,2/15/2006 4:57:20
473.00,2.00,"JORGE","OLIVARES","JORGE.OLIVARES@sakilacustomer.org",478.00,1.00,2/14/2006 22:04:37,2/15/2006 4:57:20
474.00,2.00,"DUSTIN","GILLETTE","DUSTIN.GILLETTE@sakilacustomer.org",479.00,1.00,2/14/2006 22:04:37,2/15/2006 4:57:20
475.00,2.00,"PEDRO","CHESTNUT","PEDRO.CHESTNUT@sakilacustomer.org",480.00,1.00,2/14/2006 22:04:37,2/15/2006 4:57:20
476.00,1.00,"DERRICK","BOURQUE","DERRICK.BOURQUE@sakilacustomer.org",481.00,1.00,2/14/2006 22:04:37,2/15/2006 4:57:20
477.00,1.00,"DAN","PAINE","DAN.PAINE@sakilacustomer.org",482.00,1.00,2/14/2006 22:04:37,2/15/2006 4:57:20
478.00,1.00,"LEWIS","LYMAN","LEWIS.LYMAN@sakilacustomer.org",483.00,1.00,2/14/2006 22:04:37,2/15/2006 4:57:20
479.00,1.00,"ZACHARY","HITE","ZACHARY.HITE@sakilacustomer.org",484.00,1.00,2/14/2006 22:04:37,2/15/2006 4:57:20
480.00,1.00,"COREY","HAUSER","COREY.HAUSER@sakilacustomer.org",485.00,1.00,2/14/2006 22:04:37,2/15/2006 4:57:20
481.00,1.00,"HERMAN","DEVORE","HERMAN.DEVORE@sakilacustomer.org",486.00,1.00,2/14/2006 22:04:37,2/15/2006 4:57:20
482.00,1.00,"MAURICE","CRAWLEY","MAURICE.CRAWLEY@sakilacustomer.org",487.00,0.00,2/14/2006 22:04:37,2/15/2006 4:57:20
483.00,2.00,"VERNON","CHAPA","VERNON.CHAPA@sakilacustomer.org",488.00,1.00,2/14/2006 22:04:37,2/15/2006 4:57:20
484.00,1.00,"ROBERTO","VU","ROBERTO.VU@sakilacustomer.org",489.00,1.00,2/14/2006 22:04:37,2/15/2006 4:57:20
485.00,1.00,"CLYDE","TOBIAS","CLYDE.TOBIAS@sakilacustomer.org",490.00,1.00,2/14/2006 22:04:37,2/15/2006 4:57:20
486.00,1.00,"GLEN","TALBERT","GLEN.TALBERT@sakilacustomer.org",491.00,1.00,2/14/2006 22:04:37,2/15/2006 4:57:20
487.00,2.00,"HECTOR","POINDEXTER","HECTOR.POINDEXTER@sakilacustomer.org",492.00,1.00,2/14/2006 22:04:37,2/15/2006 4:57:20
488.00,2.00,"SHANE","MILLARD","SHANE.MILLARD@sakilacustomer.org",493.00,1.00,2/14/2006 22:04:37,2/15/2006 4:57:20
489.00,1.00,"RICARDO","MEADOR","RICARDO.MEADOR@sakilacustomer.org",494.00,1.00,2/14/2006 22:04:37,2/15/2006 4:57:20
490.00,1.00,"SAM","MCDUFFIE","SAM.MCDUFFIE@sakilacustomer.org",495.00,1.00,2/14/2006 22:04:37,2/15/2006 4:57:20
491.00,2.00,"RICK","MATTOX","RICK.MATTOX@sakilacustomer.org",496.00,1.00,2/14/2006 22:04:37,2/15/2006 4:57:20
492.00,2.00,"LESTER","KRAUS","LESTER.KRAUS@sakilacustomer.org",497.00,1.00,2/14/2006 22:04:37,2/15/2006 4:57:20
493.00,1.00,"BRENT","HARKINS","BRENT.HARKINS@sakilacustomer.org",498.00,1.00,2/14/2006 22:04:37,2/15/2006 4:57:20
494.00,2.00,"RAMON","CHOATE","RAMON.CHOATE@sakilacustomer.org",499.00,1.00,2/14/2006 22:04:37,2/15/2006 4:57:20
495.00,2.00,"CHARLIE","BESS","CHARLIE.BESS@sakilacustomer.org",500.00,1.00,2/14/2006 22:04:37,2/15/2006 4:57:20
496.00,2.00,"TYLER","WREN","TYLER.WREN@sakilacustomer.org",501.00,1.00,2/14/2006 22:04:37,2/15/2006 4:57:20
497.00,2.00,"GILBERT","SLEDGE","GILBERT.SLEDGE@sakilacustomer.org",502.00,1.00,2/14/2006 22:04:37,2/15/2006 4:57:20
498.00,1.00,"GENE","SANBORN","GENE.SANBORN@sakilacustomer.org",503.00,1.00,2/14/2006 22:04:37,2/15/2006 4:57:20
499.00,2.00,"MARC","OUTLAW","MARC.OUTLAW@sakilacustomer.org",504.00,1.00,2/14/2006 22:04:37,2/15/2006 4:57:20
500.00,1.00,"REGINALD","KINDER","REGINALD.KINDER@sakilacustomer.org",505.00,1.00,2/14/2006 22:04:37,2/15/2006 4:57:20
501.00,1.00,"RUBEN","GEARY","RUBEN.GEARY@sakilacustomer.org",506.00,1.00,2/14/2006 22:04:37,2/15/2006 4:57:20
502.00,1.00,"BRETT","CORNWELL","BRETT.CORNWELL@sakilacustomer.org",507.00,1.00,2/14/2006 22:04:37,2/15/2006 4:57:20
503.00,1.00,"ANGEL","BARCLAY","ANGEL.BARCLAY@sakilacustomer.org",508.00,1.00,2/14/2006 22:04:37,2/15/2006 4:57:20
504.00,1.00,"NATHANIEL","ADAM","NATHANIEL.ADAM@sakilacustomer.org",509.00,1.00,2/14/2006 22:04:37,2/15/2006 4:57:20
505.00,1.00,"RAFAEL","ABNEY","RAFAEL.ABNEY@sakilacustomer.org",510.00,1.00,2/14/2006 22:04:37,2/15/2006 4:57:20
506.00,2.00,"LESLIE","SEWARD","LESLIE.SEWARD@sakilacustomer.org",511.00,1.00,2/14/2006 22:04:37,2/15/2006 4:57:20
507.00,2.00,"EDGAR","RHOADS","EDGAR.RHOADS@sakilacustomer.org",512.00,1.00,2/14/2006 22:04:37,2/15/2006 4:57:20
508.00,2.00,"MILTON","HOWLAND","MILTON.HOWLAND@sakilacustomer.org",513.00,1.00,2/14/2006 22:04:37,2/15/2006 4:57:20
509.00,1.00,"RAUL","FORTIER","RAUL.FORTIER@sakilacustomer.org",514.00,1.00,2/14/2006 22:04:37,2/15/2006 4:57:20
510.00,2.00,"BEN","EASTER","BEN.EASTER@sakilacustomer.org",515.00,0.00,2/14/2006 22:04:37,2/15/2006 4:57:20
511.00,1.00,"CHESTER","BENNER","CHESTER.BENNER@sakilacustomer.org",516.00,1.00,2/14/2006 22:04:37,2/15/2006 4:57:20
512.00,1.00,"CECIL","VINES","CECIL.VINES@sakilacustomer.org",517.00,1.00,2/14/2006 22:04:37,2/15/2006 4:57:20
513.00,2.00,"DUANE","TUBBS","DUANE.TUBBS@sakilacustomer.org",519.00,1.00,2/14/2006 22:04:37,2/15/2006 4:57:20
514.00,2.00,"FRANKLIN","TROUTMAN","FRANKLIN.TROUTMAN@sakilacustomer.org",520.00,1.00,2/14/2006 22:04:37,2/15/2006 4:57:20
515.00,1.00,"ANDRE","RAPP","ANDRE.RAPP@sakilacustomer.org",521.00,1.00,2/14/2006 22:04:37,2/15/2006 4:57:20
516.00,2.00,"ELMER","NOE","ELMER.NOE@sakilacustomer.org",522.00,1.00,2/14/2006 22:04:37,2/15/2006 4:57:20
517.00,2.00,"BRAD","MCCURDY","BRAD.MCCURDY@sakilacustomer.org",523.00,1.00,2/14/2006 22:04:37,2/15/2006 4:57:20
518.00,1.00,"GABRIEL","HARDER","GABRIEL.HARDER@sakilacustomer.org",524.00,1.00,2/14/2006 22:04:37,2/15/2006 4:57:20
519.00,2.00,"RON","DELUCA","RON.DELUCA@sakilacustomer.org",525.00,1.00,2/14/2006 22:04:37,2/15/2006 4:57:20
520.00,2.00,"MITCHELL","WESTMORELAND","MITCHELL.WESTMORELAND@sakilacustomer.org",526.00,1.00,2/14/2006 22:04:37,2/15/2006 4:57:20
521.00,2.00,"ROLAND","SOUTH","ROLAND.SOUTH@sakilacustomer.org",527.00,1.00,2/14/2006 22:04:37,2/15/2006 4:57:20
522.00,2.00,"ARNOLD","HAVENS","ARNOLD.HAVENS@sakilacustomer.org",528.00,1.00,2/14/2006 22:04:37,2/15/2006 4:57:20
523.00,1.00,"HARVEY","GUAJARDO","HARVEY.GUAJARDO@sakilacustomer.org",529.00,1.00,2/14/2006 22:04:37,2/15/2006 4:57:20
524.00,1.00,"JARED","ELY","JARED.ELY@sakilacustomer.org",530.00,1.00,2/14/2006 22:04:37,2/15/2006 4:57:20
525.00,2.00,"ADRIAN","CLARY","ADRIAN.CLARY@sakilacustomer.org",531.00,1.00,2/14/2006 22:04:37,2/15/2006 4:57:20
526.00,2.00,"KARL","SEAL","KARL.SEAL@sakilacustomer.org",532.00,1.00,2/14/2006 22:04:37,2/15/2006 4:57:20
527.00,1.00,"CORY","MEEHAN","CORY.MEEHAN@sakilacustomer.org",533.00,1.00,2/14/2006 22:04:37,2/15/2006 4:57:20
528.00,1.00,"CLAUDE","HERZOG","CLAUDE.HERZOG@sakilacustomer.org",534.00,1.00,2/14/2006 22:04:37,2/15/2006 4:57:20
529.00,2.00,"ERIK","GUILLEN","ERIK.GUILLEN@sakilacustomer.org",535.00,1.00,2/14/2006 22:04:37,2/15/2006 4:57:20
530.00,2.00,"DARRYL","ASHCRAFT","DARRYL.ASHCRAFT@sakilacustomer.org",536.00,1.00,2/14/2006 22:04:37,2/15/2006 4:57:20
531.00,2.00,"JAMIE","WAUGH","JAMIE.WAUGH@sakilacustomer.org",537.00,1.00,2/14/2006 22:04:37,2/15/2006 4:57:20
532.00,2.00,"NEIL","RENNER","NEIL.RENNER@sakilacustomer.org",538.00,1.00,2/14/2006 22:04:37,2/15/2006 4:57:20
533.00,1.00,"JESSIE","MILAM","JESSIE.MILAM@sakilacustomer.org",539.00,1.00,2/14/2006 22:04:37,2/15/2006 4:57:20
534.00,1.00,"CHRISTIAN","JUNG","CHRISTIAN.JUNG@sakilacustomer.org",540.00,0.00,2/14/2006 22:04:37,2/15/2006 4:57:20
535.00,1.00,"JAVIER","ELROD","JAVIER.ELROD@sakilacustomer.org",541.00,1.00,2/14/2006 22:04:37,2/15/2006 4:57:20
536.00,2.00,"FERNANDO","CHURCHILL","FERNANDO.CHURCHILL@sakilacustomer.org",542.00,1.00,2/14/2006 22:04:37,2/15/2006 4:57:20
537.00,2.00,"CLINTON","BUFORD","CLINTON.BUFORD@sakilacustomer.org",543.00,1.00,2/14/2006 22:04:37,2/15/2006 4:57:20
538.00,2.00,"TED","BREAUX","TED.BREAUX@sakilacustomer.org",544.00,1.00,2/14/2006 22:04:37,2/15/2006 4:57:20
539.00,1.00,"MATHEW","BOLIN","MATHEW.BOLIN@sakilacustomer.org",545.00,1.00,2/14/2006 22:04:37,2/15/2006 4:57:20
540.00,1.00,"TYRONE","ASHER","TYRONE.ASHER@sakilacustomer.org",546.00,1.00,2/14/2006 22:04:37,2/15/2006 4:57:20
541.00,2.00,"DARREN","WINDHAM","DARREN.WINDHAM@sakilacustomer.org",547.00,1.00,2/14/2006 22:04:37,2/15/2006 4:57:20
542.00,2.00,"LONNIE","TIRADO","LONNIE.TIRADO@sakilacustomer.org",548.00,1.00,2/14/2006 22:04:37,2/15/2006 4:57:20
543.00,1.00,"LANCE","PEMBERTON","LANCE.PEMBERTON@sakilacustomer.org",549.00,1.00,2/14/2006 22:04:37,2/15/2006 4:57:20
544.00,2.00,"CODY","NOLEN","CODY.NOLEN@sakilacustomer.org",550.00,1.00,2/14/2006 22:04:37,2/15/2006 4:57:20
545.00,2.00,"JULIO","NOLAND","JULIO.NOLAND@sakilacustomer.org",551.00,1.00,2/14/2006 22:04:37,2/15/2006 4:57:20
546.00,1.00,"KELLY","KNOTT","KELLY.KNOTT@sakilacustomer.org",552.00,1.00,2/14/2006 22:04:37,2/15/2006 4:57:20
547.00,1.00,"KURT","EMMONS","KURT.EMMONS@sakilacustomer.org",553.00,1.00,2/14/2006 22:04:37,2/15/2006 4:57:20
548.00,1.00,"ALLAN","CORNISH","ALLAN.CORNISH@sakilacustomer.org",554.00,1.00,2/14/2006 22:04:37,2/15/2006 4:57:20
549.00,1.00,"NELSON","CHRISTENSON","NELSON.CHRISTENSON@sakilacustomer.org",555.00,1.00,2/14/2006 22:04:37,2/15/2006 4:57:20
550.00,2.00,"GUY","BROWNLEE","GUY.BROWNLEE@sakilacustomer.org",556.00,1.00,2/14/2006 22:04:37,2/15/2006 4:57:20
551.00,2.00,"CLAYTON","BARBEE","CLAYTON.BARBEE@sakilacustomer.org",557.00,1.00,2/14/2006 22:04:37,2/15/2006 4:57:20
552.00,2.00,"HUGH","WALDROP","HUGH.WALDROP@sakilacustomer.org",558.00,1.00,2/14/2006 22:04:37,2/15/2006 4:57:20
553.00,1.00,"MAX","PITT","MAX.PITT@sakilacustomer.org",559.00,1.00,2/14/2006 22:04:37,2/15/2006 4:57:20
554.00,1.00,"DWAYNE","OLVERA","DWAYNE.OLVERA@sakilacustomer.org",560.00,1.00,2/14/2006 22:04:37,2/15/2006 4:57:20
555.00,1.00,"DWIGHT","LOMBARDI","DWIGHT.LOMBARDI@sakilacustomer.org",561.00,1.00,2/14/2006 22:04:37,2/15/2006 4:57:20
556.00,2.00,"ARMANDO","GRUBER","ARMANDO.GRUBER@sakilacustomer.org",562.00,1.00,2/14/2006 22:04:37,2/15/2006 4:57:20
557.00,1.00,"FELIX","GAFFNEY","FELIX.GAFFNEY@sakilacustomer.org",563.00,1.00,2/14/2006 22:04:37,2/15/2006 4:57:20
558.00,1.00,"JIMMIE","EGGLESTON","JIMMIE.EGGLESTON@sakilacustomer.org",564.00,0.00,2/14/2006 22:04:37,2/15/2006 4:57:20
559.00,2.00,"EVERETT","BANDA","EVERETT.BANDA@sakilacustomer.org",565.00,1.00,2/14/2006 22:04:37,2/15/2006 4:57:20
560.00,1.00,"JORDAN","ARCHULETA","JORDAN.ARCHULETA@sakilacustomer.org",566.00,1.00,2/14/2006 22:04:37,2/15/2006 4:57:20
561.00,2.00,"IAN","STILL","IAN.STILL@sakilacustomer.org",567.00,1.00,2/14/2006 22:04:37,2/15/2006 4:57:20
562.00,1.00,"WALLACE","SLONE","WALLACE.SLONE@sakilacustomer.org",568.00,1.00,2/14/2006 22:04:37,2/15/2006 4:57:20
563.00,2.00,"KEN","PREWITT","KEN.PREWITT@sakilacustomer.org",569.00,1.00,2/14/2006 22:04:37,2/15/2006 4:57:20
564.00,2.00,"BOB","PFEIFFER","BOB.PFEIFFER@sakilacustomer.org",570.00,1.00,2/14/2006 22:04:37,2/15/2006 4:57:20
565.00,2.00,"JAIME","NETTLES","JAIME.NETTLES@sakilacustomer.org",571.00,1.00,2/14/2006 22:04:37,2/15/2006 4:57:20
566.00,1.00,"CASEY","MENA","CASEY.MENA@sakilacustomer.org",572.00,1.00,2/14/2006 22:04:37,2/15/2006 4:57:20
567.00,2.00,"ALFREDO","MCADAMS","ALFREDO.MCADAMS@sakilacustomer.org",573.00,1.00,2/14/2006 22:04:37,2/15/2006 4:57:20
568.00,2.00,"ALBERTO","HENNING","ALBERTO.HENNING@sakilacustomer.org",574.00,1.00,2/14/2006 22:04:37,2/15/2006 4:57:20
569.00,2.00,"DAVE","GARDINER","DAVE.GARDINER@sakilacustomer.org",575.00,1.00,2/14/2006 22:04:37,2/15/2006 4:57:20
570.00,2.00,"IVAN","CROMWELL","IVAN.CROMWELL@sakilacustomer.org",576.00,1.00,2/14/2006 22:04:37,2/15/2006 4:57:20
571.00,2.00,"JOHNNIE","CHISHOLM","JOHNNIE.CHISHOLM@sakilacustomer.org",577.00,1.00,2/14/2006 22:04:37,2/15/2006 4:57:20
572.00,1.00,"SIDNEY","BURLESON","SIDNEY.BURLESON@sakilacustomer.org",578.00,1.00,2/14/2006 22:04:37,2/15/2006 4:57:20
573.00,1.00,"BYRON","BOX","BYRON.BOX@sakilacustomer.org",579.00,1.00,2/14/2006 22:04:37,2/15/2006 4:57:20
574.00,2.00,"JULIAN","VEST","JULIAN.VEST@sakilacustomer.org",580.00,1.00,2/14/2006 22:04:37,2/15/2006 4:57:20
575.00,2.00,"ISAAC","OGLESBY","ISAAC.OGLESBY@sakilacustomer.org",581.00,1.00,2/14/2006 22:04:37,2/15/2006 4:57:20
576.00,2.00,"MORRIS","MCCARTER","MORRIS.MCCARTER@sakilacustomer.org",582.00,1.00,2/14/2006 22:04:37,2/15/2006 4:57:20
577.00,2.00,"CLIFTON","MALCOLM","CLIFTON.MALCOLM@sakilacustomer.org",583.00,1.00,2/14/2006 22:04:37,2/15/2006 4:57:20
578.00,2.00,"WILLARD","LUMPKIN","WILLARD.LUMPKIN@sakilacustomer.org",584.00,1.00,2/14/2006 22:04:37,2/15/2006 4:57:20
579.00,2.00,"DARYL","LARUE","DARYL.LARUE@sakilacustomer.org",585.00,1.00,2/14/2006 22:04:37,2/15/2006 4:57:20
580.00,1.00,"ROSS","GREY","ROSS.GREY@sakilacustomer.org",586.00,1.00,2/14/2006 22:04:37,2/15/2006 4:57:20
581.00,1.00,"VIRGIL","WOFFORD","VIRGIL.WOFFORD@sakilacustomer.org",587.00,1.00,2/14/2006 22:04:37,2/15/2006 4:57:20
582.00,2.00,"ANDY","VANHORN","ANDY.VANHORN@sakilacustomer.org",588.00,1.00,2/14/2006 22:04:37,2/15/2006 4:57:20
583.00,1.00,"MARSHALL","THORN","MARSHALL.THORN@sakilacustomer.org",589.00,1.00,2/14/2006 22:04:37,2/15/2006 4:57:20
584.00,2.00,"SALVADOR","TEEL","SALVADOR.TEEL@sakilacustomer.org",590.00,1.00,2/14/2006 22:04:37,2/15/2006 4:57:20
585.00,1.00,"PERRY","SWAFFORD","PERRY.SWAFFORD@sakilacustomer.org",591.00,1.00,2/14/2006 22:04:37,2/15/2006 4:57:20
586.00,1.00,"KIRK","STCLAIR","KIRK.STCLAIR@sakilacustomer.org",592.00,1.00,2/14/2006 22:04:37,2/15/2006 4:57:20
587.00,1.00,"SERGIO","STANFIELD","SERGIO.STANFIELD@sakilacustomer.org",593.00,1.00,2/14/2006 22:04:37,2/15/2006 4:57:20
588.00,1.00,"MARION","OCAMPO","MARION.OCAMPO@sakilacustomer.org",594.00,1.00,2/14/2006 22:04:37,2/15/2006 4:57:20
589.00,1.00,"TRACY","HERRMANN","TRACY.HERRMANN@sakilacustomer.org",595.00,1.00,2/14/2006 22:04:37,2/15/2006 4:57:20
590.00,2.00,"SETH","HANNON","SETH.HANNON@sakilacustomer.org",596.00,1.00,2/14/2006 22:04:37,2/15/2006 4:57:20
591.00,1.00,"KENT","ARSENAULT","KENT.ARSENAULT@sakilacustomer.org",597.00,1.00,2/14/2006 22:04:37,2/15/2006 4:57:20
592.00,1.00,"TERRANCE","ROUSH","TERRANCE.ROUSH@sakilacustomer.org",598.00,0.00,2/14/2006 22:04:37,2/15/2006 4:57:20
593.00,2.00,"RENE","MCALISTER","RENE.MCALISTER@sakilacustomer.org",599.00,1.00,2/14/2006 22:04:37,2/15/2006 4:57:20
594.00,1.00,"EDUARDO","HIATT","EDUARDO.HIATT@sakilacustomer.org",600.00,1.00,2/14/2006 22:04:37,2/15/2006 4:57:20
595.00,1.00,"TERRENCE","GUNDERSON","TERRENCE.GUNDERSON@sakilacustomer.org",601.00,1.00,2/14/2006 22:04:37,2/15/2006 4:57:20
596.00,1.00,"ENRIQUE","FORSYTHE","ENRIQUE.FORSYTHE@sakilacustomer.org",602.00,1.00,2/14/2006 22:04:37,2/15/2006 4:57:20
597.00,1.00,"FREDDIE","DUGGAN","FREDDIE.DUGGAN@sakilacustomer.org",603.00,1.00,2/14/2006 22:04:37,2/15/2006 4:57:20
598.00,1.00,"WADE","DELVALLE","WADE.DELVALLE@sakilacustomer.org",604.00,1.00,2/14/2006 22:04:37,2/15/2006 4:57:20
599.00,2.00,"AUSTIN","CINTRON","AUSTIN.CINTRON@sakilacustomer.org",605.00,1.00,2/14/2006 22:04:37,2/15/2006 4:57:20
